first_name,last_name,email,gender,DOB
Henrik,Mouton,hmouton4f@qq.com,Male,18/03/1986
Sam,Voyce,svoyce9b@microsoft.com,Female,27/11/1990
Pete,O'Caine,pocaineas@adobe.com,Male,06/02/1993
Harlan,Ludwell,hludwell7f@simplemachines.org,Male,15/06/1995
Reade,Glasper,rglasper6s@ox.ac.uk,Male,09/05/1996
Irvine,Looby,ilooby7f@usda.gov,Male,15/10/1987
Rog,Yerrall,ryerrallk@so-net.ne.jp,Male,24/02/1985
Sancho,Clines,sclines17@about.me,Male,11/02/1990
Joanna,Coghlin,jcoghlin4z@twitpic.com,Female,09/06/1987
Bronny,Loveard,bloveard80@theguardian.com,Male,25/06/1988
Laurens,Elphick,lelphick2x@g.co,Male,18/06/1991
Tanitansy,Pylkynyton,tpylkynyton9i@over-blog.com,Female,18/06/1987
Anna-diana,Ratray,aratray42@spiegel.de,Female,28/08/1989
Sinclare,Birks,sbirks72@instagram.com,Male,05/04/1991
Osbourn,Heeks,oheeksao@slashdot.org,Male,04/12/1997
Herta,Commucci,hcommucci9h@nyu.edu,Female,21/10/1991
Irwinn,Bramer,ibramer4r@ning.com,Male,16/05/1998
Cammi,Geaves,cgeaves4o@shareasale.com,Female,28/10/1989
Leonidas,St. Quintin,lstquintin2e@rediff.com,Male,11/03/1995
Osborn,Northin,onorthin8e@nydailynews.com,Male,20/11/1996
Binny,Masse,bmasse3p@imageshack.us,Female,13/07/1997
Wilow,Tointon,wtointone@moonfruit.com,Female,14/06/1992
Chance,Nerval,cnerval9r@deliciousdays.com,Male,08/05/1994
Nataniel,Knights,nknights1o@ibm.com,Male,01/04/1996
Kip,Pinney,kpinney1y@fda.gov,Male,28/07/1996
Aridatha,Aitchinson,aaitchinson9v@msu.edu,Female,11/05/1986
Prescott,Twiddy,ptwiddy3g@oakley.com,Male,09/11/1996
Ring,Flaxman,rflaxman4j@acquirethisname.com,Male,25/04/1991
Jillian,Hawksley,jhawksley4@nba.com,Female,10/01/1988
Mylo,Najafian,mnajafian74@latimes.com,Male,24/11/1985
Aluin,Cops,acopsal@hc360.com,Male,25/01/1990
Sancho,Newlove,snewlove4r@bloomberg.com,Male,24/12/1995
Royall,McDaid,rmcdaid6z@naver.com,Male,02/11/1993
Nicki,Balog,nbalogd0@china.com.cn,Female,07/07/1991
Sarah,Sandwith,ssandwithcd@reuters.com,Female,15/01/1989
Joletta,Buxsey,jbuxsey2x@bloglovin.com,Female,24/05/1997
Thaddeus,Covil,tcovil6t@jigsy.com,Male,23/10/1996
Nanette,Eliff,neliffd8@exblog.jp,Female,27/03/1999
Cherlyn,Earp,cearp45@e-recht24.de,Female,21/09/1998
Bud,Yerill,byerill70@spotify.com,Male,06/05/1992
Nobe,Mantrip,nmantrip7w@stanford.edu,Male,27/10/1996
Roshelle,Reinert,rreinert7r@princeton.edu,Female,24/06/1998
Donall,Corter,dcorterct@hud.gov,Male,29/10/1989
Silvano,Tomaselli,stomaselli3h@unicef.org,Male,23/03/1994
Angeline,Burtenshaw,aburtenshaw5n@miibeian.gov.cn,Female,15/07/1985
Kin,Stovell,kstovell6b@ibm.com,Male,10/10/1985
Estrellita,Chapple,echapple7h@youtube.com,Female,13/09/1999
Lia,Raoult,lraoultcw@washington.edu,Female,15/10/1998
Marchelle,Setchfield,msetchfield3b@purevolume.com,Female,19/07/1998
Nikolas,Westraw,nwestrawa@ehow.com,Male,10/01/1993
Alanson,Jeannon,ajeannondh@google.com.au,Male,29/06/1994
Ange,Somers,asomerscb@cloudflare.com,Female,07/11/1998
Harrie,Kinker,hkinker3m@adobe.com,Female,17/09/1991
Blair,Lindbergh,blindbergh2l@reference.com,Male,21/12/1991
Junette,Basilio,jbasilio1a@storify.com,Female,26/10/1985
Meredeth,Hasnney,mhasnney5u@ycombinator.com,Male,25/10/1988
Lars,Cunde,lcunde96@businessweek.com,Male,13/06/1996
Harrietta,Hatherley,hhatherleyde@unblog.fr,Female,05/10/1995
Jessy,Robeiro,jrobeiro56@usgs.gov,Female,25/02/1997
Rafaela,Lycett,rlycettq@tmall.com,Female,30/10/1995
Dalila,Huetson,dhuetson16@flavors.me,Female,02/01/1987
Torry,Vlach,tvlach7n@mail.ru,Male,23/08/1992
Cleavland,Rathbone,crathbone6x@cargocollective.com,Male,27/07/1987
Lars,Couvert,lcouvert2k@foxnews.com,Male,17/04/1996
Solly,McLoney,smcloneydn@google.com,Male,14/06/1985
Zuzana,Shayes,zshayesab@yelp.com,Female,15/08/1998
Darsie,Beadnall,dbeadnallba@wikimedia.org,Female,23/04/1988
Tull,Luetchford,tluetchford2f@bloomberg.com,Male,03/08/1998
Mavra,Stamp,mstampag@chronoengine.com,Female,11/06/1996
Emmerich,Bury,ebury49@wikimedia.org,Male,17/05/1990
Leonidas,McJarrow,lmcjarrowdl@drupal.org,Male,02/04/1995
Arlen,Nertney,anertney7x@simplemachines.org,Male,25/06/1995
Raddy,Blanc,rblanc73@newyorker.com,Male,14/07/1990
Ban,Massimi,bmassimi5j@time.com,Male,04/02/1998
Ev,Petrazzi,epetrazzi28@un.org,Male,13/08/1995
Alair,Cornelisse,acornelisse63@zimbio.com,Male,16/06/1986
Mathilde,Mold,mmoldap@statcounter.com,Female,15/08/1989
Blanca,Corkell,bcorkell7c@purevolume.com,Female,03/08/1986
Marina,Heselwood,mheselwood4e@list-manage.com,Female,17/09/1993
Winfred,Fosher,wfosher7u@acquirethisname.com,Male,18/04/1989
Saw,Dobby,sdobby4r@scientificamerican.com,Male,27/10/1991
Bianka,Pack,bpack6r@infoseek.co.jp,Female,03/03/1990
Nettie,Orton,norton7f@mail.ru,Female,01/12/1993
Kirbee,Devonshire,kdevonshirect@issuu.com,Female,12/11/1994
Arne,Nix,anix8e@seattletimes.com,Male,04/12/1994
Arny,Huburn,ahuburn97@1und1.de,Male,13/07/1993
Teresa,Pringuer,tpringuer5m@webeden.co.uk,Female,27/02/1995
Cindra,Arnholz,carnholzy@ed.gov,Female,30/03/1998
Danita,Solly,dsolly4a@bravesites.com,Female,31/10/1998
Perry,Coslett,pcoslett5i@mac.com,Female,26/08/1994
Charmain,Canwell,ccanwell1j@europa.eu,Female,20/02/1988
Glenda,Trewhella,gtrewhellabs@globo.com,Female,30/03/1997
Sinclair,Landells,slandells9r@harvard.edu,Male,25/09/1993
Babbette,Clogg,bclogg64@bloglines.com,Female,26/02/1989
Karalee,Hurle,khurle7m@wikimedia.org,Female,04/08/1995
Cyrillus,Gulk,cgulk6d@google.co.jp,Male,18/11/1994
Sylvester,Sadlier,ssadlier9o@barnesandnoble.com,Male,05/07/1987
Izzy,Di Maria,idimaria4w@whitehouse.gov,Male,07/09/1991
Abbie,Seligson,aseligson7p@hud.gov,Male,13/11/1998
Elspeth,Clinch,eclinch7b@tinypic.com,Female,11/09/1995
Oliviero,Mountney,omountneyba@meetup.com,Male,12/04/1992
Venita,Managh,vmanagh7q@dropbox.com,Female,15/12/1989
Moreen,Kimble,mkimbleaq@sun.com,Female,21/12/1993
Stanislaw,Schenfisch,sschenfisch4e@auda.org.au,Male,31/03/1994
Shannah,Orfeur,sorfeur3e@google.com.hk,Female,15/02/1992
Matt,Eastes,meastes47@godaddy.com,Male,06/10/1993
Alexandre,Sparey,aspareyda@unesco.org,Male,05/10/1986
Madlen,Tregunnah,mtregunnahan@usa.gov,Female,18/12/1996
Burr,Akaster,bakaster6a@springer.com,Male,01/05/1987
Ray,Spurnier,rspurnier8u@umn.edu,Female,10/01/1993
Rosana,Beilby,rbeilby2z@japanpost.jp,Female,23/02/1992
Marlon,Jakubovsky,mjakubovsky6p@plala.or.jp,Male,10/07/1986
Albrecht,Petrashov,apetrashov5o@e-recht24.de,Male,20/04/1985
Jeremiah,Aucott,jaucottaj@indiatimes.com,Male,05/03/1989
Jolee,Molineux,jmolineux5u@zimbio.com,Female,28/02/1993
Jeffie,Lias,jliasae@ocn.ne.jp,Male,25/01/1998
Renata,Benezet,rbenezet9i@storify.com,Female,10/01/1996
Tonye,Stopford,tstopford9l@cnbc.com,Female,13/11/1985
Jessamine,Pledge,jpledge9z@vistaprint.com,Female,10/10/1990
Neille,Amsden,namsden5i@amazon.co.uk,Female,30/05/1999
Felizio,Davydzenko,fdavydzenkoad@devhub.com,Male,15/06/1995
Bryanty,McLaggan,bmclaggan60@elpais.com,Male,23/01/1997
Connie,Kirrens,ckirrens6y@usa.gov,Male,25/12/1990
Gerome,Markie,gmarkie9e@wp.com,Male,24/02/1988
Jasun,Gammel,jgammeldq@goo.ne.jp,Male,17/12/1994
Phillida,Candlish,pcandlisha6@tiny.cc,Female,29/08/1997
Asa,Wear,awear13@bandcamp.com,Male,25/10/1997
Tanny,Kindleysides,tkindleysidescp@pbs.org,Male,21/06/1992
Paolina,Guirard,pguirard1e@infoseek.co.jp,Female,13/03/1992
Margalit,Raffles,mraffles38@domainmarket.com,Female,07/11/1995
Nannette,Arlett,narlett9f@istockphoto.com,Female,20/04/1988
Abbye,Howsego,ahowsego72@hatena.ne.jp,Female,01/04/1994
Codi,Harp,charpdm@nasa.gov,Female,22/05/1989
Niki,Frankling,nfranklinga9@phoca.cz,Female,30/05/1992
Gert,Marusic,gmarusicb0@whitehouse.gov,Female,21/10/1998
Ivette,Lavalle,ilavalle8q@cnet.com,Female,19/11/1986
Thorndike,Blanche,tblanche8@auda.org.au,Male,20/08/1997
Winnie,Conley,wconley9y@salon.com,Male,07/12/1999
Pam,Shingles,pshingles39@wordpress.org,Female,25/12/1991
Julee,Tripon,jtripondi@time.com,Female,27/09/1998
Hedvige,Frame,hframe77@shop-pro.jp,Female,03/09/1989
Angelo,Gelsthorpe,agelsthorpe3o@prweb.com,Male,26/09/1986
De,Vasyutochkin,dvasyutochkinds@indiatimes.com,Female,08/08/1995
Brandy,Osborn,bosborn1x@t.co,Male,28/07/1992
Donny,Bottrell,dbottrellw@163.com,Male,28/11/1991
Salomo,Beaulieu,sbeaulieu1z@mozilla.org,Male,19/12/1997
Gilberte,Giacopini,ggiacopinim@surveymonkey.com,Female,14/05/1996
Bobinette,Stiebler,bstiebleral@taobao.com,Female,12/04/1993
Eddi,Ruddiforth,eruddiforths@hexun.com,Female,13/09/1986
Demetra,Vawton,dvawton13@epa.gov,Female,22/09/1986
Alma,Cuerda,acuerda9t@jigsy.com,Female,11/01/1993
Grace,Thunnercliff,gthunnercliff8l@macromedia.com,Male,05/06/1989
Nerti,Tripean,ntripean1s@gov.uk,Female,07/08/1990
Essa,Phython,ephython5j@freewebs.com,Female,09/10/1990
Mohammed,Mawby,mmawby20@google.es,Male,28/07/1986
Jan,Aspden,jaspden7g@technorati.com,Female,23/11/1988
Holli,Mc Menamin,hmcmenamin76@samsung.com,Female,23/04/1999
Orran,Paintain,opaintain57@google.es,Male,13/02/1998
Park,Kmieciak,pkmieciakb3@blogtalkradio.com,Male,04/08/1992
Stephen,Brugman,sbrugmanbj@domainmarket.com,Male,16/07/1994
Sadie,Woodburne,swoodburne4c@redcross.org,Female,15/12/1993
Angel,Ings,aingsco@irs.gov,Female,27/05/1985
Emmaline,While,ewhileab@vkontakte.ru,Female,26/02/1987
Bil,Pinilla,bpinilla7g@cisco.com,Male,26/04/1997
Vita,Hamblin,vhamblinc8@networkadvertising.org,Female,27/06/1998
Ernesta,Durtnell,edurtnell9k@telegraph.co.uk,Female,13/06/1990
Benjamen,Syde,bsydecd@engadget.com,Male,31/07/1989
Thea,Tedridge,ttedridge8d@wufoo.com,Female,03/07/1997
Urbanus,Perrat,uperrat8q@clickbank.net,Male,17/06/1987
Kaye,Caddan,kcaddan5k@washington.edu,Female,14/08/1996
Sadella,Crasford,scrasford68@narod.ru,Female,08/08/1999
Filippo,Castellucci,fcastellucci3s@samsung.com,Male,18/03/1992
Beth,Ozelton,bozelton8x@netlog.com,Female,15/04/1999
Padriac,Bennit,pbennitci@narod.ru,Male,01/12/1989
Raeann,Hodgin,rhodginb7@ocn.ne.jp,Female,18/10/1987
Roderigo,Kiddey,rkiddeyc@wired.com,Male,18/05/1993
Veronique,Cridlin,vcridlin2l@angelfire.com,Female,23/02/1993
Mill,O'Deoran,modeoran4q@cbslocal.com,Male,24/08/1990
Aristotle,Menichelli,amenichellit@businessinsider.com,Male,27/08/1991
Barri,Trelease,btrelease4b@ibm.com,Male,28/11/1995
Harvey,Newns,hnewns9@w3.org,Male,03/04/1995
Lorry,Barends,lbarends2j@youtu.be,Female,16/08/1999
Daniella,Peppett,dpeppett34@seesaa.net,Female,06/04/1997
Page,Newey,pneweycy@baidu.com,Male,17/09/1996
Cissiee,Philott,cphilottbx@yahoo.co.jp,Female,25/07/1999
Taryn,Marvel,tmarvel9a@go.com,Female,04/04/1999
Collen,Pinwell,cpinwell1@multiply.com,Female,05/01/1988
Geoffrey,Avery,gaveryb3@imageshack.us,Male,05/12/1989
Sasha,Gergus,sgergus4k@newyorker.com,Female,01/07/1994
Petronille,Pollard,ppollard6b@businessweek.com,Female,01/09/1996
Joane,Viveash,jviveashcm@time.com,Female,28/04/1992
Wilhelm,Welfair,wwelfair4m@baidu.com,Male,02/12/1990
Ezra,Collcott,ecollcottv@boston.com,Male,11/12/1992
Gerrard,Lothean,glotheanad@nydailynews.com,Male,26/11/1986
Sabina,Saggs,ssaggs9d@cocolog-nifty.com,Female,04/03/1993
Hilliard,Falkner,hfalkner1w@php.net,Male,01/12/1998
Ida,Sandey,isandey64@sun.com,Female,31/03/1986
Julius,Petzold,jpetzold7p@sourceforge.net,Male,24/12/1994
Burton,Breagan,bbreagan8s@nhs.uk,Male,07/11/1985
Kaile,Morot,kmorot7i@bing.com,Female,15/02/1990
Dyna,Messiter,dmessiter4o@uiuc.edu,Female,26/06/1992
Waylin,Burrow,wburrow6j@usatoday.com,Male,26/03/1988
Gerry,Jauncey,gjauncey9r@businesswire.com,Female,24/01/1987
Kinny,Milam,kmilam3v@nationalgeographic.com,Male,10/12/1993
Natassia,Stichel,nstichelcs@deviantart.com,Female,22/02/1986
Bobinette,Bigby,bbigby5k@webeden.co.uk,Female,05/12/1990
Leticia,Manske,lmanske8l@nasa.gov,Female,01/12/1987
Thaxter,Block,tblockab@netvibes.com,Male,06/01/1991
Gillian,Belliard,gbelliard5m@thetimes.co.uk,Female,23/12/1986
Brooke,Windaybank,bwindaybank33@w3.org,Male,27/10/1988
Linea,Ternouth,lternouth7e@fc2.com,Female,12/06/1995
Rodge,Padson,rpadsonu@cdc.gov,Male,05/09/1996
Querida,Sisson,qsissoncr@dailymail.co.uk,Female,20/04/1996
Kerrill,Synnott,ksynnott6d@wunderground.com,Female,28/09/1985
Peadar,Warren,pwarren3j@netscape.com,Male,02/05/1989
Even,Grievson,egrievson3n@tinypic.com,Male,30/08/1996
Powell,Jessope,pjessopebq@gnu.org,Male,27/08/1990
Ansell,Flowith,aflowith31@drupal.org,Male,03/07/1989
Ned,Delamere,ndelamere99@accuweather.com,Male,03/12/1996
Roxana,Gyenes,rgyenesa1@mac.com,Female,17/08/1993
Jasmine,Itter,jitter69@nbcnews.com,Female,14/02/1990
Effie,Cisco,eciscob3@ocn.ne.jp,Female,29/03/1998
Pembroke,Littler,plittler6c@mediafire.com,Male,29/12/1986
Morna,Buey,mbueya1@infoseek.co.jp,Female,10/04/1991
Alexander,Podbury,apodbury6n@goo.ne.jp,Male,11/03/1994
Clem,Pellitt,cpellitt7e@xrea.com,Male,09/03/1991
Eveline,Joriot,ejoriotl@state.gov,Female,21/07/1990
Swen,MacIllrick,smacillrick4p@gmpg.org,Male,10/07/1998
Levi,Vankeev,lvankeev1z@reuters.com,Male,27/11/1998
Pen,Rivard,privard7y@lulu.com,Female,10/07/1994
Tam,Turnbull,tturnbullbh@statcounter.com,Male,22/04/1987
Osbourn,Huston,ohuston2q@yahoo.co.jp,Male,02/05/1985
Karole,Van der Baaren,kvanderbaarenx@ameblo.jp,Female,19/10/1990
Mathilda,Persey,mperseyf@state.gov,Female,04/11/1987
Petronia,Gilhooley,pgilhooley7m@yellowpages.com,Female,07/11/1988
Isaac,Houselee,ihouseleedj@unc.edu,Male,20/09/1987
Wright,Sprowson,wsprowsonas@java.com,Male,18/07/1998
Rob,Gartland,rgartland91@networksolutions.com,Male,17/12/1989
Kerianne,O'Hoey,kohoey82@oaic.gov.au,Female,02/04/1986
Alaster,Lattimore,alattimore21@ted.com,Male,10/02/1996
Isak,Sikorsky,isikorsky5b@discuz.net,Male,31/05/1988
Kenneth,Loveguard,kloveguardcf@ocn.ne.jp,Male,14/07/1991
Lem,Ledamun,lledamun74@joomla.org,Male,06/06/1994
Eal,Gresser,egressera6@tmall.com,Male,08/03/1986
Roxanne,Dewberry,rdewberry7t@google.co.jp,Female,14/12/1998
Myles,Calbert,mcalbert95@wikipedia.org,Male,18/03/1988
Victor,Emery,vemery67@linkedin.com,Male,11/03/1991
Bent,Blindmann,bblindmann18@cpanel.net,Male,05/02/1995
Fanchon,Bounde,fbounde2x@ebay.co.uk,Female,22/08/1987
Carin,Core,ccore2d@shinystat.com,Female,07/10/1988
Tobe,Waylen,twaylen80@yale.edu,Male,03/12/1988
Henderson,Dunston,hdunston9s@japanpost.jp,Male,18/03/1985
Tanney,Mogra,tmogra6i@hugedomains.com,Male,26/02/1996
Lanie,Quinnelly,lquinnelly29@huffingtonpost.com,Female,09/09/1985
Elizabet,Plimmer,eplimmer4y@time.com,Female,20/09/1986
Rafaello,Beatey,rbeateyaj@mashable.com,Male,10/07/1987
Mortimer,Sherratt,msherratt2@purevolume.com,Male,07/06/1991
Tallia,Newens,tnewensbk@walmart.com,Female,07/09/1991
Cheston,Zamora,czamora33@etsy.com,Male,18/03/1987
Helen,Brik,hbrik47@smh.com.au,Female,15/04/1993
Chris,Chatteris,cchatteris2e@diigo.com,Male,03/03/1990
Martainn,Phizacklea,mphizacklea1c@yahoo.com,Male,12/09/1988
Kandy,Ogley,kogley28@skyrock.com,Female,04/09/1998
Elvera,Kear,ekear12@bizjournals.com,Female,13/12/1992
Scott,Kender,skender8x@chronoengine.com,Male,21/08/1998
Clem,Shervil,cshervila2@unblog.fr,Female,13/05/1985
Marie,Wanderschek,mwanderschek7s@goo.ne.jp,Female,22/07/1990
Aaren,Pengilly,apengilly40@t.co,Female,10/08/1995
Jo-ann,Le Grice,jlegriceau@dropbox.com,Female,27/11/1993
Jaine,Taborre,jtaborreau@latimes.com,Female,12/07/1986
Anastasie,Itzhayek,aitzhayek3x@yandex.ru,Female,28/01/1998
Margette,Barkus,mbarkusd9@smh.com.au,Female,03/01/1998
Fitz,Woolf,fwoolf1o@hp.com,Male,26/02/1995
Chandler,Bowerbank,cbowerbank64@blinklist.com,Male,31/08/1988
Angie,Burtt,aburtt9d@statcounter.com,Male,09/05/1999
Manolo,Guyver,mguyver9@cyberchimps.com,Male,12/10/1993
Mira,Kegg,mkeggcg@last.fm,Female,29/02/1988
Rossie,Di Matteo,rdimatteo9t@qq.com,Male,28/03/1999
Bertie,Dufall,bdufalldh@amazonaws.com,Female,21/03/1996
Harley,Scurfield,hscurfield1b@biblegateway.com,Male,22/12/1991
Eudora,Paris,eparisc3@jalbum.net,Female,20/07/1994
Gussy,Devas,gdevas9z@gravatar.com,Female,29/04/1992
Barrie,Shemilt,bshemilta3@google.ca,Female,21/12/1998
Minda,Jobbing,mjobbing3u@noaa.gov,Female,29/03/1986
Mary,Chatteris,mchatteris2s@gizmodo.com,Female,10/12/1991
Novelia,Philliskirk,nphilliskirk7q@phpbb.com,Female,10/02/1999
Willie,Blaszczak,wblaszczak56@auda.org.au,Male,14/10/1998
Janelle,Calway,jcalway5n@lulu.com,Female,02/11/1995
Louie,Skoggings,lskoggings1d@wordpress.com,Male,06/11/1999
Osmond,Whithalgh,owhithalghf@oaic.gov.au,Male,09/07/1985
Esteban,Yarnold,eyarnoldp@ezinearticles.com,Male,10/09/1986
Ky,Coldrick,kcoldrick29@1und1.de,Male,25/12/1996
Florence,Hansmann,fhansmann2w@army.mil,Female,27/07/1992
Brina,Goricke,bgorickeb4@livejournal.com,Female,18/04/1996
Whittaker,Borit,wboritdm@hp.com,Male,12/05/1986
Tessy,Winterflood,twinterfloodav@fotki.com,Female,07/03/1994
Harold,Crockley,hcrockley9o@behance.net,Male,31/08/1992
Laney,Kincla,lkinclacg@unicef.org,Female,12/11/1992
Barbara-anne,Sanday,bsanday6g@flavors.me,Female,15/05/1985
Candis,Heinle,cheinle48@bizjournals.com,Female,10/12/1998
Alexis,Flade,aflade3s@nifty.com,Male,29/08/1989
Addy,Antonik,aantonikbv@friendfeed.com,Male,30/10/1986
Waldemar,Tumielli,wtumielli22@4shared.com,Male,03/04/1998
Milt,Traves,mtravesd3@oaic.gov.au,Male,30/09/1996
Latrina,Greaves,lgreaves7s@mayoclinic.com,Female,13/02/1986
Patric,Reading,preadingdk@opera.com,Male,14/02/1998
Hazel,Thon,hthon7r@tamu.edu,Male,13/05/1994
Jemima,Spadaro,jspadaro8h@cnbc.com,Female,10/11/1985
Flossi,Foreman,fforeman3k@cisco.com,Female,10/02/1995
Lombard,Trunkfield,ltrunkfieldc@ebay.co.uk,Male,28/10/1985
Korey,Ing,kingb4@princeton.edu,Male,07/10/1998
Adrien,Diament,adiament1w@illinois.edu,Male,02/04/1987
Susann,Gieves,sgieves87@oaic.gov.au,Female,26/01/1996
Dniren,Frondt,dfrondt9n@blogs.com,Female,15/04/1999
Billi,Latter,blatter43@reverbnation.com,Female,01/08/1986
Lucia,Whitwell,lwhitwelldr@soundcloud.com,Female,26/11/1996
Marsh,O' Loughran,moloughrand6@posterous.com,Male,07/04/1999
Wally,Blaver,wblaver4w@ask.com,Male,23/11/1988
Prescott,Scotcher,pscotcher81@barnesandnoble.com,Male,16/01/1986
Keeley,McGraw,kmcgraw52@hud.gov,Female,19/02/1992
Devon,Popley,dpopleyd@e-recht24.de,Female,12/02/1988
Willey,Lavers,wlavers8w@weebly.com,Male,22/10/1987
Kylie,Hambly,khamblyd6@craigslist.org,Male,27/09/1999
Adams,Scurrell,ascurrells@go.com,Male,03/09/1996
Janis,Southouse,jsouthousecv@tmall.com,Female,02/10/1987
Lauryn,Hencke,lhencke90@ucsd.edu,Female,21/11/1999
Truda,Teresa,tteresa32@howstuffworks.com,Female,30/01/1989
Vere,Joysey,vjoysey39@nba.com,Female,18/04/1985
Corinne,Pegden,cpegden1p@answers.com,Female,10/12/1985
Barri,Danzey,bdanzey4p@bloglines.com,Male,06/06/1991
Allys,Bottoner,abottoner4g@cargocollective.com,Female,01/08/1998
Janeczka,Dunford,jdunford6u@free.fr,Female,03/08/1997
Shannah,Morales,smorales9j@shareasale.com,Female,20/02/1995
Townie,Tome,ttome6v@feedburner.com,Male,29/08/1996
Cordelia,Hugnin,chugnin6k@amazon.com,Female,14/01/1990
Janene,Agge,jaggeca@dion.ne.jp,Female,13/08/1997
Nataline,Kempshall,nkempshall1v@posterous.com,Female,09/06/1989
Claudianus,Saffell,csaffelldu@exblog.jp,Male,01/03/1997
Kim,Mellmer,kmellmerat@youku.com,Female,15/08/1991
Elliott,McCahill,emccahillq@canalblog.com,Male,06/12/1994
Orsa,Kerkham,okerkham2e@symantec.com,Female,05/02/1997
Anthiathia,Blinkhorn,ablinkhorn1k@chronoengine.com,Female,01/04/1995
Wendall,Brotherick,wbrotherickag@utexas.edu,Male,04/02/1985
Faye,Faucett,ffaucett4k@woothemes.com,Female,29/11/1989
Cissiee,Conrard,cconrardd4@pinterest.com,Female,04/01/1991
Tobin,Habershaw,thabershawy@networksolutions.com,Male,25/03/1988
Joseito,Astell,jastellb8@a8.net,Male,11/05/1994
Claudio,Boik,cboikbp@facebook.com,Male,21/12/1990
Dermot,Sancroft,dsancroftd9@un.org,Male,27/08/1992
Angus,Nafziger,anafziger7a@drupal.org,Male,20/11/1993
Romona,Daldan,rdaldan2i@booking.com,Female,10/04/1997
Adore,O'Crigan,aocrigand@netvibes.com,Female,23/04/1993
Timoteo,Mulcahy,tmulcahy5m@mediafire.com,Male,14/08/1985
Sadie,Filippov,sfilippov1y@skyrock.com,Female,23/08/1986
Sybila,Clare,sclare3x@ning.com,Female,15/08/1986
Dominic,Maddigan,dmaddiganbm@auda.org.au,Male,10/04/1988
Geordie,Lodwig,glodwigc9@e-recht24.de,Male,17/01/1985
Delainey,Benam,dbenambk@biblegateway.com,Male,09/10/1999
Denni,Heliet,dheliet3h@nsw.gov.au,Female,01/06/1994
Aaren,Missen,amissenc6@oracle.com,Female,17/02/1989
Herb,Gillitt,hgillitt9w@nasa.gov,Male,20/07/1993
Rosemary,Ziems,rziemsao@cloudflare.com,Female,12/12/1992
Eward,Treker,etreker7u@berkeley.edu,Male,08/09/1991
Sydney,Darcy,sdarcy2r@w3.org,Female,01/09/1990
Jacky,Snelgar,jsnelgar9y@addtoany.com,Female,08/12/1993
Ursulina,Miche,umiche3l@tumblr.com,Female,31/08/1996
Seline,Rignoldes,srignoldes1g@baidu.com,Female,25/09/1994
Fanechka,Needham,fneedhamc4@51.la,Female,15/07/1994
Wald,Lurner,wlurner3o@pinterest.com,Male,15/12/1985
Sanders,Shackell,sshackellby@unicef.org,Male,02/10/1998
Isidor,Janouch,ijanouch3e@globo.com,Male,25/05/1997
Mariana,Guly,mguly4@istockphoto.com,Female,30/04/1995
Nolie,Parkinson,nparkinson6l@surveymonkey.com,Female,12/03/1992
Mureil,Tankin,mtankin1l@squidoo.com,Female,17/04/1991
Kikelia,Tolworthy,ktolworthy5c@arizona.edu,Female,07/01/1996
Leanor,Bonifacio,lbonifacio8h@joomla.org,Female,31/10/1986
Talbert,Bampkin,tbampkin5d@joomla.org,Male,30/07/1988
Marie-jeanne,Terzza,mterzza30@cornell.edu,Female,12/01/1993
Augusta,Tambling,atambling2h@angelfire.com,Female,13/02/1991
Carin,Clamp,cclampbe@auda.org.au,Female,12/07/1993
Mallorie,Bridgewood,mbridgewood4g@creativecommons.org,Female,12/09/1995
Jilly,Patinkin,jpatinkin6m@chron.com,Female,05/09/1985
Sonnnie,Wallege,swallege1@utexas.edu,Female,13/06/1992
Tobiah,Beseke,tbesekea4@hao123.com,Male,23/05/1988
Osgood,Manson,omanson5a@mozilla.com,Male,22/06/1999
Bethena,Tysack,btysackca@addtoany.com,Female,24/03/1988
Sig,Learned,slearnedcp@baidu.com,Male,05/03/1987
Vivienne,Diboll,vdiboll9c@intel.com,Female,17/07/1999
Etta,Claisse,eclaissecc@wunderground.com,Female,31/10/1997
Melanie,Fuller,mfulleray@mozilla.com,Female,03/06/1993
Hunt,Fogden,hfogden1m@mail.ru,Male,01/06/1997
Reeba,Zapatero,rzapatero3k@whitehouse.gov,Female,24/09/1987
Chelsey,Cowterd,ccowterd43@cpanel.net,Female,05/08/1993
Sammie,Grombridge,sgrombridge6q@nsw.gov.au,Male,15/02/1998
Monika,Haws,mhaws5g@amazonaws.com,Female,10/04/1999
Zared,Griggs,zgriggscr@patch.com,Male,28/06/1998
Bennett,Kervin,bkervin5e@4shared.com,Male,30/10/1988
Brad,De Cleyne,bdecleyne5e@myspace.com,Male,15/03/1995
Vince,Casement,vcasement7x@fc2.com,Male,15/09/1989
Sally,Pietsma,spietsma9x@51.la,Female,14/05/1989
Nevins,Deelay,ndeelay1r@rambler.ru,Male,18/06/1986
Estele,Khoter,ekhoter8y@virginia.edu,Female,14/04/1993
Josiah,Chace,jchacea7@pen.io,Male,07/10/1998
Nikolaus,Corneliussen,ncorneliussen14@shop-pro.jp,Male,28/05/1987
Benton,Hucker,bhuckerak@rambler.ru,Male,10/10/1985
Julio,Titterton,jtittertoncs@tripod.com,Male,01/08/1987
Cristie,Wabb,cwabb4h@ebay.com,Female,23/05/1996
Shawn,Ornillos,sornillos23@goodreads.com,Male,13/06/1997
Emylee,Foskin,efoskindj@oracle.com,Female,02/03/1991
Sonny,Goodswen,sgoodswenn@themeforest.net,Male,13/12/1989
Lela,Drable,ldrable18@technorati.com,Female,30/04/1987
Kelwin,Recher,krecher5a@dagondesign.com,Male,09/09/1999
Ermina,Teaser,eteaserbi@php.net,Female,26/09/1992
Graehme,Randleson,grandleson8f@mediafire.com,Male,17/09/1985
Kath,Hullock,khullock9n@google.co.uk,Female,04/03/1992
Antin,MacDermand,amacdermanddc@nbcnews.com,Male,24/06/1989
Palmer,Guille,pguille5p@marriott.com,Male,08/01/1990
Tilly,Street,tstreet46@e-recht24.de,Female,22/12/1996
Cristabel,Ianni,ciannidl@foxnews.com,Female,08/04/1999
Lillis,Conti,lconti8z@typepad.com,Female,08/08/1995
Liuka,Cracoe,lcracoe67@joomla.org,Female,11/11/1986
Reiko,Luker,rlukerak@imageshack.us,Female,18/07/1996
Sherri,Castanos,scastanosbi@wikipedia.org,Female,23/01/1985
Delila,Aveline,davelinebq@privacy.gov.au,Female,14/06/1990
Rossie,Partrick,rpartrick9l@wikimedia.org,Male,28/07/1995
Cleveland,Joscelyn,cjoscelyn8k@oakley.com,Male,02/03/1989
Matty,Kierans,mkieransa2@admin.ch,Male,24/10/1991
Kesley,Truin,ktruin5v@loc.gov,Female,13/05/1986
Kiley,Suscens,ksuscens2g@w3.org,Male,26/10/1990
Mariska,Du Plantier,mduplantier2i@google.it,Female,09/04/1997
Adoree,Gillogley,agillogleyd@google.fr,Female,27/07/1985
Linell,Wison,lwisonw@drupal.org,Female,03/09/1990
Rurik,Garlee,rgarlee42@seesaa.net,Male,28/08/1992
Claudelle,Grealy,cgrealyd0@amazon.com,Female,11/11/1989
Cesar,Halms,chalms2r@dmoz.org,Male,27/08/1991
Lorant,Stobbe,lstobbebc@quantcast.com,Male,22/02/1998
Olympe,Darch,odarch78@ifeng.com,Female,30/09/1990
Robby,Tolefree,rtolefree9x@archive.org,Male,31/07/1994
Esma,Coxhell,ecoxhelli@sciencedirect.com,Female,14/05/1986
Bridie,Lovegrove,blovegrove8p@apple.com,Female,14/12/1986
Vernen,Scawen,vscawen98@skype.com,Male,16/12/1994
Minta,Gillinghams,mgillinghams10@epa.gov,Female,21/08/1992
Allys,Crissil,acrissil4q@vinaora.com,Female,05/07/1991
Darnell,Coils,dcoilscj@tinyurl.com,Male,19/12/1992
Ileane,Squibbes,isquibbes6n@topsy.com,Female,30/07/1992
Orsola,Douce,odouce5l@nytimes.com,Female,26/10/1997
Frederik,Raithmill,fraithmill8c@csmonitor.com,Male,27/01/1987
Susanna,Flaunders,sflaunders5j@wsj.com,Female,13/12/1999
Billye,Amott,bamottz@google.ca,Female,12/05/1990
Berty,Scanes,bscanes16@google.es,Female,17/07/1999
Herbert,Wanklin,hwanklin18@tumblr.com,Male,24/07/1991
Nate,Lefeaver,nlefeaver4q@ftc.gov,Male,22/03/1988
Marcelo,Ricker,mrickerd2@google.co.uk,Male,03/03/1990
Martelle,Langdridge,mlangdridger@comsenz.com,Female,07/11/1995
Timmie,Hallward,thallwarddj@redcross.org,Female,17/03/1991
Paulie,Molden,pmolden1@examiner.com,Female,25/12/1994
Sonny,Daudray,sdaudrayas@jalbum.net,Female,21/07/1986
Germaine,Kirkebye,gkirkebye5s@cargocollective.com,Male,24/02/1989
Kirstyn,Sukbhans,ksukbhans8t@cam.ac.uk,Female,25/07/1986
Carlye,Pellington,cpellington3r@ezinearticles.com,Female,16/12/1996
Lucias,Girardez,lgirardezcl@nsw.gov.au,Male,19/06/1997
Kenon,MacGarvey,kmacgarvey4e@mlb.com,Male,30/12/1998
Lonnard,Eisak,leisakbb@harvard.edu,Male,28/03/1992
Budd,Linfield,blinfield15@nydailynews.com,Male,31/08/1998
Vivia,Alejandre,valejandreag@flavors.me,Female,28/01/1993
Kylila,McDermid,kmcdermid20@twitter.com,Female,15/01/1997
Kristal,McGrill,kmcgrill1n@youtube.com,Female,05/11/1999
Renaldo,Fowkes,rfowkesa5@seesaa.net,Male,25/04/1995
Christyna,Kingman,ckingmancx@goo.ne.jp,Female,28/05/1991
Isidro,Ingre,iingreb0@nifty.com,Male,28/06/1998
Nickolas,Eakley,neakleydd@flavors.me,Male,28/01/1995
Dmitri,Kingzeth,dkingzethbg@baidu.com,Male,13/06/1986
Kristine,Knowling,kknowling21@tinypic.com,Female,19/04/1998
Rollin,Coda,rcoda6@weebly.com,Male,26/03/1996
Gradeigh,Haskew,ghaskewcl@indiatimes.com,Male,20/07/1990
Jeanne,Brasse,jbrasse11@kickstarter.com,Female,23/03/1995
Nilson,Fick,nfick5a@wikispaces.com,Male,27/07/1997
Avery,Sarll,asarll2t@nature.com,Male,17/12/1988
Angy,Kenright,akenright2p@ucoz.com,Female,21/07/1987
Rosana,Goodricke,rgoodrickebz@hugedomains.com,Female,24/08/1985
Kingston,Bristoe,kbristoedm@wix.com,Male,14/03/1998
Ximenes,Jurries,xjurries2f@myspace.com,Male,24/01/1997
Lynnette,Reavell,lreavell84@usda.gov,Female,10/02/1995
Rice,Ambler,rambler4l@who.int,Male,23/03/1986
Barthel,Claasen,bclaasen6g@yellowbook.com,Male,19/10/1987
Benedict,Cruttenden,bcruttenden4y@usgs.gov,Male,08/01/1999
Gregoor,Jencken,gjencken62@hibu.com,Male,22/08/1986
Wilow,Poulsen,wpoulsen5f@admin.ch,Female,18/12/1998
Celene,Lamplugh,clamplugh1k@liveinternet.ru,Female,29/11/1998
Sharla,Avieson,savieson5p@networkadvertising.org,Female,28/05/1987
Ofelia,Peyto,opeyto8d@fda.gov,Female,07/12/1994
Maritsa,Beadnell,mbeadnellx@sogou.com,Female,03/09/1994
Myca,Campanelli,mcampanelli6f@godaddy.com,Male,17/06/1990
Herb,Bowhay,hbowhay4j@discovery.com,Male,22/03/1993
Vaughan,Renard,vrenardbp@nasa.gov,Male,17/03/1986
Marcelo,Dugood,mdugood2p@mac.com,Male,24/06/1998
Ross,Dobson,rdobson8@dmoz.org,Male,31/10/1997
Gabrielle,Boultwood,gboultwood3y@engadget.com,Female,04/11/1996
Odo,Flounders,oflounders9t@wordpress.com,Male,19/07/1992
Markos,Pavek,mpavek7i@blinklist.com,Male,04/08/1989
Naoma,Scambler,nscambler3j@joomla.org,Female,30/06/1996
Theresita,Kinworthy,tkinworthy28@topsy.com,Female,22/06/1995
Hale,Axston,haxston76@vimeo.com,Male,21/04/1993
Cori,Tschierasche,ctschierasche2d@pcworld.com,Female,19/01/1987
Kori,Witard,kwitard5o@cnet.com,Female,24/01/1991
Bradley,Jerrome,bjerrome77@miibeian.gov.cn,Male,23/09/1989
Guillermo,Dedmam,gdedmam6u@last.fm,Male,07/01/1988
Neville,Pontin,npontin86@fema.gov,Male,15/05/1998
Lucita,Mordey,lmordey4l@aol.com,Female,12/03/1989
Modesty,Urpeth,murpethbz@last.fm,Female,01/05/1991
Margeaux,Yewdall,myewdall9j@tmall.com,Female,28/06/1985
Meara,O'Monahan,momonahan3v@dmoz.org,Female,02/09/1990
Donnie,Romera,dromera1b@smugmug.com,Female,09/09/1998
Leigh,Larby,llarby9a@dmoz.org,Male,09/11/1991
Almeta,Kitchiner,akitchiner7o@sciencedaily.com,Female,20/09/1992
Farrell,Churchin,fchurchinah@google.it,Male,05/04/1999
Ethelyn,Hobble,ehobbleae@goo.ne.jp,Female,05/08/1991
Iosep,Kording,ikording2q@skyrock.com,Male,08/08/1987
Clem,Button,cbutton30@nbcnews.com,Female,01/02/1992
Joshua,Rookes,jrookes52@businessweek.com,Male,18/12/1996
Sherlock,Creddon,screddon2k@utexas.edu,Male,20/12/1987
Orly,Obell,oobell80@google.co.jp,Female,22/02/1989
Dela,Errey,derrey89@cnet.com,Female,21/11/1995
Rhea,Cortnay,rcortnay7r@cnet.com,Female,08/05/1992
Aurore,Peek,apeek3@meetup.com,Female,02/03/1997
Syd,Klain,sklainco@archive.org,Male,21/02/1985
Flory,Fishlock,ffishlock19@typepad.com,Female,17/03/1992
Hunt,Finney,hfinney7d@wunderground.com,Male,20/07/1996
Esme,Andriss,eandriss6e@accuweather.com,Female,24/11/1988
Trey,Bettington,tbettingtonae@miibeian.gov.cn,Male,10/11/1995
Abramo,Priditt,apriditt8o@google.com,Male,21/02/1986
Joya,Humes,jhumes6r@vistaprint.com,Female,24/01/1990
Brittne,Caskie,bcaskie4x@twitpic.com,Female,27/01/1995
Artair,Heugle,aheugle5c@themeforest.net,Male,22/04/1991
Gustie,Kretschmer,gkretschmerdf@flavors.me,Female,18/08/1991
Tibold,Jindrich,tjindrich9e@facebook.com,Male,18/04/1986
Neda,Fitzsimons,nfitzsimons82@europa.eu,Female,25/11/1989
Cherri,Hathway,chathwaycu@un.org,Female,06/02/1988
Jacinda,Verbeke,jverbekebl@etsy.com,Female,26/09/1998
Katie,Rothery,krothery4b@narod.ru,Female,27/12/1989
Rosaline,Hulbert,rhulbert75@sun.com,Female,31/10/1998
Adah,Strodder,astrodderbm@biglobe.ne.jp,Female,30/10/1995
Giselbert,Buxy,gbuxy6h@usatoday.com,Male,23/03/1991
Rustin,Christie,rchristie91@miitbeian.gov.cn,Male,17/10/1996
Elly,Jacobovitch,ejacobovitch2v@google.nl,Female,01/06/1995
Lisa,Largent,llargent23@myspace.com,Female,04/08/1994
Luella,Everton,levertoni@cnn.com,Female,21/10/1991
Ugo,Camois,ucamois7o@samsung.com,Male,28/01/1989
Domeniga,Cunniam,dcunniam53@intel.com,Female,04/07/1988
Kenna,Godthaab,kgodthaab4b@liveinternet.ru,Female,23/08/1996
Stephan,Martinuzzi,smartinuzzi2f@wikipedia.org,Male,01/06/1986
Amos,Hover,ahover2u@yahoo.co.jp,Male,18/05/1997
Cece,Moogan,cmoogan22@theglobeandmail.com,Male,18/07/1997
Gardy,Stolz,gstolzv@discovery.com,Male,29/06/1987
Verine,Corrado,vcorradom@smugmug.com,Female,19/11/1994
Tanner,Baltzar,tbaltzar2o@wordpress.org,Male,20/04/1991
Marys,Kelsow,mkelsowcz@dot.gov,Female,16/01/1993
Cicely,Trimbey,ctrimbey5h@squarespace.com,Female,13/12/1993
Harrie,Domenichini,hdomenichinib1@cargocollective.com,Female,27/09/1985
Sissie,Conlaund,sconlaund7h@behance.net,Female,23/05/1996
Marlane,Bice,mbice2b@amazon.com,Female,20/01/1994
Peggi,Dooley,pdooleybd@berkeley.edu,Female,30/06/1988
Denny,Rittmeyer,drittmeyer81@arstechnica.com,Male,14/02/1995
Bert,McLeish,bmcleish5f@wisc.edu,Female,31/03/1990
Albrecht,Garmston,agarmstoncc@scientificamerican.com,Male,16/09/1991
Darby,Gebhardt,dgebhardt63@slideshare.net,Female,27/07/1989
April,Spillard,aspillard6p@theatlantic.com,Female,10/02/1989
Erina,Wardall,ewardallbo@livejournal.com,Female,06/10/1989
Denys,Lewendon,dlewendon38@unc.edu,Female,11/03/1988
Dorrie,Jado,djadodi@ted.com,Female,23/03/1998
Langston,Gerish,lgerish8a@gov.uk,Male,13/06/1997
Eustace,Keningham,ekeningham6x@businessinsider.com,Male,29/09/1992
Layton,De Banke,ldebanke6f@omniture.com,Male,01/09/1992
Ernaline,Gillings,egillingsr@godaddy.com,Female,04/06/1986
Pennie,MacCartair,pmaccartair8@twitpic.com,Male,17/03/1989
Boote,Dobie,bdobie5k@people.com.cn,Male,22/04/1995
Rowena,Hastin,rhastin3w@google.fr,Female,07/12/1989
Ernesto,O'Hanley,eohanley57@nifty.com,Male,01/07/1995
Tanitansy,Rangall,trangalldk@independent.co.uk,Female,02/12/1987
Alyda,Reder,areder3c@google.it,Female,08/07/1994
Pierce,Chivrall,pchivralla5@friendfeed.com,Male,24/12/1993
Harriette,Banaszczyk,hbanaszczykby@latimes.com,Female,14/06/1995
Pietrek,Stokes,pstokes7g@samsung.com,Male,30/11/1997
Geordie,Wanklin,gwanklin9g@oakley.com,Male,01/11/1991
Hazel,Amer,hamer8f@answers.com,Female,16/09/1999
Carlie,Yesichev,cyesichev1i@webs.com,Female,10/01/1990
Rosalinda,Tanman,rtanman7k@senate.gov,Female,11/02/1996
Emylee,Border,eborder3q@slate.com,Female,18/01/1993
Rickey,Standish,rstandish3l@sitemeter.com,Male,24/07/1995
Rock,Fearey,rfearey1n@jimdo.com,Male,06/07/1988
Sawyer,Janecek,sjanecekax@usnews.com,Male,06/07/1987
Rodie,Edwardson,redwardson5@vimeo.com,Female,13/06/1992
Gordie,Filewood,gfilewood9q@nyu.edu,Male,29/11/1992
Annamaria,Schwand,aschwand49@gizmodo.com,Female,19/10/1989
Caleb,D'Antonio,cdantonio7j@ucla.edu,Male,04/01/1996
Billy,Snooks,bsnooksa0@godaddy.com,Male,06/03/1992
Sophi,Welband,swelband2c@indiegogo.com,Female,17/06/1985
Kathryne,Link,klinkaa@tiny.cc,Female,04/09/1989
Llewellyn,Van Baaren,lvanbaarenan@a8.net,Male,22/08/1988
Julienne,Mosedill,jmosedillb5@so-net.ne.jp,Female,09/07/1987
Jae,Bridgestock,jbridgestockbu@globo.com,Male,25/12/1994
Trent,Guidone,tguidone3q@histats.com,Male,10/02/1987
Allin,Sinnett,asinnett46@nbcnews.com,Male,06/02/1991
Lodovico,Tremblay,ltremblay85@bigcartel.com,Male,14/04/1992
Lalo,Terrazzo,lterrazzo2y@bizjournals.com,Male,01/05/1995
Gothart,Gavrielly,ggavrielly8m@foxnews.com,Male,03/10/1995
Madalena,Akhurst,makhurst3i@artisteer.com,Female,27/05/1996
Mariska,Madill,mmadillc4@wikimedia.org,Female,25/10/1990
Leda,Jeavon,ljeavon9u@deviantart.com,Female,05/04/1993
Corrine,Tuck,ctuck1v@nba.com,Female,19/12/1986
Elyn,Mieville,emievilleds@adobe.com,Female,28/04/1985
Aurlie,De Moreno,ademorenodl@techcrunch.com,Female,04/08/1988
Dominique,Seegar,dseegarn@ameblo.jp,Male,10/07/1998
Avram,Ruslin,aruslinc3@delicious.com,Male,25/04/1996
Estrella,Freschini,efreschini3u@noaa.gov,Female,12/07/1991
Corine,Van der Beek,cvanderbeek9c@mozilla.org,Female,04/01/1992
Crichton,Fysh,cfysh1r@webs.com,Male,26/11/1991
Eugene,Edgeler,eedgeler4w@yale.edu,Male,03/09/1996
Kizzie,McVaugh,kmcvaugh54@hostgator.com,Female,23/05/1999
Sergei,Whiley,swhiley8n@amazon.com,Male,01/03/1993
Barnie,Pervew,bpervew8b@paginegialle.it,Male,26/12/1990
Halsey,Vaissiere,hvaissiere6x@wikia.com,Male,02/06/1987
Huntlee,Bebbington,hbebbington3@issuu.com,Male,15/11/1987
Dalt,Dick,ddick7z@bbb.org,Male,19/09/1998
Tobias,Burehill,tburehillad@acquirethisname.com,Male,15/12/1987
Anallese,Marvell,amarvellbd@harvard.edu,Female,12/08/1988
Inglebert,Jerratsch,ijerratschj@symantec.com,Male,17/03/1997
Rem,O'Hannay,rohannay3r@nature.com,Male,20/08/1999
Donella,Antwis,dantwis3x@seattletimes.com,Female,18/10/1996
Bearnard,Pheazey,bpheazey5o@blogger.com,Male,03/10/1987
Edin,Brettel,ebrettel4v@shop-pro.jp,Female,18/01/1996
Leilah,Braithwaite,lbraithwaite1c@multiply.com,Female,05/11/1995
Yank,MacPeice,ymacpeicebj@yolasite.com,Male,26/06/1998
Christabel,Butland,cbutland48@toplist.cz,Female,15/04/1999
Kean,Pedersen,kpedersen9h@meetup.com,Male,16/07/1998
Kelila,Shatliff,kshatliff8w@discuz.net,Female,12/04/1989
Lind,Cranney,lcranneya1@wikia.com,Female,10/05/1993
Alvie,Lago,alago1m@desdev.cn,Male,22/01/1991
Carie,Halstead,chalstead79@fc2.com,Female,25/12/1991
Kelly,Headly,kheadlydt@hexun.com,Male,12/02/1991
Ardith,Bratch,abratchdo@quantcast.com,Female,19/07/1986
Deidre,Prescote,dprescote4n@pinterest.com,Female,25/05/1994
Olly,Brayshay,obrayshay6m@google.it,Female,08/11/1990
Trina,Eastwell,teastwellbt@dmoz.org,Female,04/04/1998
Cobby,Daveren,cdaveren51@wikimedia.org,Male,11/09/1985
Virgie,Brixey,vbrixey3a@blinklist.com,Male,16/02/1988
Austin,Grevatt,agrevattcb@pen.io,Female,22/12/1990
Thayne,Shrimpling,tshrimpling1f@disqus.com,Male,17/02/1987
Gavra,MacPaike,gmacpaike8c@ox.ac.uk,Female,16/11/1986
Clementine,Ribbens,cribbens9h@telegraph.co.uk,Female,17/07/1985
Max,Cuffe,mcuffe9j@msn.com,Male,22/11/1985
Ragnar,Bazely,rbazelya8@feedburner.com,Male,24/07/1995
Reginauld,Arnli,rarnli1t@rambler.ru,Male,15/03/1994
Dunn,Pavluk,dpavluk4j@zimbio.com,Male,27/08/1995
Terencio,Spinage,tspinageap@google.ca,Male,16/11/1998
Edd,Fratczak,efratczak3t@yellowbook.com,Male,11/03/1994
Nev,Mattisssen,nmattisssen97@jiathis.com,Male,11/12/1987
Kenny,Mossom,kmossom37@cnet.com,Male,01/03/1985
Uta,Bloore,ubloore2m@mashable.com,Female,03/11/1987
Nicki,Millmore,nmillmore7v@hibu.com,Female,04/05/1994
Emmeline,Sebrens,esebrens41@vinaora.com,Female,12/06/1993
Zacharie,Cupper,zcupperg@digg.com,Male,04/01/1987
Anna,Lucien,alucien23@gmpg.org,Female,10/03/1994
Melodee,Whyman,mwhyman8o@imgur.com,Female,27/09/1989
Rourke,Pagnin,rpagnin79@e-recht24.de,Male,07/11/1992
Justus,Farnworth,jfarnworth8t@upenn.edu,Male,27/09/1997
Forest,Moreinu,fmoreinu5z@cdbaby.com,Male,10/09/1988
Abba,Mannooch,amannooch7z@fda.gov,Male,01/07/1988
Allin,Mion,amion3n@altervista.org,Male,29/10/1987
Donaugh,Kehoe,dkehoe9m@reddit.com,Male,04/01/1994
Annabel,De Carlo,adecarlo8j@i2i.jp,Female,19/01/1995
Cathlene,Passingham,cpassingham22@ezinearticles.com,Female,29/06/1995
Neron,Kitching,nkitching6g@illinois.edu,Male,18/09/1999
Avril,Graffham,agraffham7t@narod.ru,Female,22/07/1988
Pam,Cottrill,pcottrill83@sbwire.com,Female,12/08/1992
Conrade,Winchester,cwinchesterck@infoseek.co.jp,Male,09/10/1989
Yolanthe,Ivankovic,yivankovicd0@google.co.uk,Female,26/09/1993
Nolan,Whittleton,nwhittletong@hp.com,Male,16/04/1997
Idelle,Fairbairn,ifairbairn7j@jimdo.com,Female,26/07/1997
Ax,Studman,astudman77@wikimedia.org,Male,11/04/1998
Ripley,Mougenel,rmougenelan@aboutads.info,Male,07/04/1996
Faustine,Creigan,fcreigan4y@prnewswire.com,Female,14/01/1995
Allina,Josum,ajosum5w@zdnet.com,Female,12/03/1988
Borden,Lander,blander93@nature.com,Male,23/11/1992
Meredith,Stenbridge,mstenbridge7z@nhs.uk,Female,13/12/1990
Lenore,Stiffell,lstiffell6e@virginia.edu,Female,12/12/1986
Yelena,Bettles,ybettles8g@illinois.edu,Female,18/09/1994
Gerry,Ray,grays@w3.org,Female,20/09/1985
Pearline,Forgie,pforgieci@51.la,Female,22/02/1995
Michal,Johnsson,mjohnsson8t@ebay.co.uk,Male,11/06/1985
Gideon,Portt,gportt2m@house.gov,Male,20/12/1987
Corty,Millyard,cmillyardaj@about.me,Male,19/11/1987
Feliza,Costellow,fcostellow52@reddit.com,Female,29/01/1992
Prentiss,Welds,pwelds7w@yellowpages.com,Male,09/06/1988
Lynn,Barthrop,lbarthrop2@mediafire.com,Male,08/01/1996
Keefe,Worgen,kworgen7b@tiny.cc,Male,01/02/1993
Lorry,Torrans,ltorransc5@state.tx.us,Female,26/11/1990
Marji,Cholomin,mcholomin1e@com.com,Female,01/09/1997
Patty,Gagie,pgagie1f@moonfruit.com,Female,11/08/1995
Jonas,O'Tierney,jotierneyao@reference.com,Male,24/06/1994
Bobbe,Succamore,bsuccamore85@g.co,Female,10/06/1995
Ewart,Lisciandri,elisciandri5v@youtu.be,Male,19/05/1997
Roxy,Moorerud,rmoorerud6o@webs.com,Female,21/09/1992
Stern,Bahia,sbahia10@desdev.cn,Male,27/09/1997
Esteban,Blazhevich,eblazhevich83@hubpages.com,Male,17/04/1986
Courtnay,Gomm,cgommb2@va.gov,Male,02/03/1988
Irwinn,Ughetti,iughetti96@joomla.org,Male,27/09/1986
Richardo,Trevethan,rtrevethan5t@huffingtonpost.com,Male,29/07/1987
Bernhard,Deakan,bdeakan7e@ca.gov,Male,17/10/1988
Davine,Whal,dwhall@mlb.com,Female,20/01/1985
Bay,Mayte,bmayteac@huffingtonpost.com,Male,18/03/1987
Fransisco,Pickersail,fpickersail95@sourceforge.net,Male,01/04/1989
Dionne,Thuillier,dthuillier6j@cbsnews.com,Female,17/04/1985
Sallee,Jackman,sjackman0@yellowpages.com,Female,23/11/1987
Gerik,Wudeland,gwudeland58@newsvine.com,Male,03/08/1986
Hershel,Sapir,hsapirdp@blogger.com,Male,20/07/1995
Ruthi,Leadston,rleadston8o@ebay.co.uk,Female,10/09/1986
Belva,Bowlas,bbowlas1a@reverbnation.com,Female,13/04/1994
Wash,De Gowe,wdegowe35@redcross.org,Male,27/01/1990
Patricio,Ubsdall,pubsdallde@icio.us,Male,07/03/1999
Gael,Skyram,gskyram65@vinaora.com,Male,25/10/1999
Archibaldo,Kerans,akerans3d@disqus.com,Male,26/03/1992
Maddalena,Twitchett,mtwitchett2h@huffingtonpost.com,Female,25/02/1998
Denys,Cisar,dcisar9u@indiegogo.com,Male,05/06/1989
Cam,Wernher,cwernher9i@tinypic.com,Female,05/09/1999
Cheston,Tooze,ctooze8i@howstuffworks.com,Male,04/09/1988
Sosanna,Ropkes,sropkes62@mediafire.com,Female,25/03/1986
Dorthea,Cowing,dcowing4x@census.gov,Female,03/05/1993
Tandie,Gobert,tgobert93@instagram.com,Female,13/05/1997
Eadie,Roscamps,eroscamps7@ebay.com,Female,12/12/1986
Mab,Jarred,mjarred3p@biglobe.ne.jp,Female,22/02/1997
Aldis,Chitty,achittybk@g.co,Male,03/06/1992
Sarine,Harston,sharstonz@w3.org,Female,06/07/1987
Jena,Gribbins,jgribbins7k@thetimes.co.uk,Female,09/05/1993
Ferdy,Danton,fdanton89@taobao.com,Male,12/02/1986
Anson,Odo,aodo5q@hc360.com,Male,27/09/1996
Monroe,Palatino,mpalatinobj@utexas.edu,Male,16/07/1990
Sandye,Iacobacci,siacobacci8b@exblog.jp,Female,30/06/1997
Nial,Wethered,nwethered49@slideshare.net,Male,17/06/1985
Myca,Dincey,mdincey3b@ow.ly,Male,15/02/1990
Renaud,Kippen,rkippen8e@huffingtonpost.com,Male,12/02/1999
Nicolai,Sheara,nsheara34@example.com,Male,27/01/1987
Donny,Dury,ddury5b@state.gov,Female,01/11/1993
Chester,Byrd,cbyrd3p@zdnet.com,Male,04/07/1991
Abdel,Burth,aburth4g@networksolutions.com,Male,01/09/1987
Ollie,Tym,otymdr@geocities.com,Male,09/06/1996
Germaine,Pharo,gpharo58@army.mil,Male,12/06/1985
Roanna,Banishevitz,rbanishevitz2s@gov.uk,Female,15/10/1986
Anabal,Simmig,asimmigbs@acquirethisname.com,Female,08/08/1990
Elisha,Simonini,esimonini41@unicef.org,Male,04/12/1992
Hamnet,Johanning,hjohanning24@twitpic.com,Male,10/09/1992
Baron,Spawforth,bspawforthb9@bbc.co.uk,Male,16/02/1996
Sydelle,Ghelardi,sghelardiat@ted.com,Female,14/06/1989
Lorettalorna,Pettyfar,lpettyfarbq@parallels.com,Female,26/09/1992
Cathrin,Barnwall,cbarnwall2i@mapy.cz,Female,01/07/1985
Janine,Schottli,jschottli8u@accuweather.com,Female,10/04/1997
Zelig,O'Moylane,zomoylanet@go.com,Male,09/04/1991
Jammie,Winfield,jwinfield9s@cocolog-nifty.com,Female,30/07/1993
Odey,Blesdill,oblesdilldt@soundcloud.com,Male,01/03/1994
Dannie,Tribbeck,dtribbeckj@hugedomains.com,Male,18/11/1998
Kania,Matterface,kmatterfaced5@va.gov,Female,31/03/1993
Leoline,Kornyshev,lkornyshev9v@angelfire.com,Female,24/07/1992
Fay,Burg,fburgq@constantcontact.com,Female,23/08/1999
Charla,Christol,cchristol5t@ucla.edu,Female,01/03/1991
Liam,Quernel,lquernel1d@youtu.be,Male,04/10/1992
Jacintha,Alabone,jalabone0@state.gov,Female,31/10/1994
Isa,Kohlert,ikohlert1g@ustream.tv,Female,22/10/1988
Stefan,Buttriss,sbuttriss8m@wufoo.com,Male,29/01/1986
Adlai,Masding,amasding5h@berkeley.edu,Male,22/05/1988
Brade,Newall,bnewall3d@cyberchimps.com,Male,25/03/1999
Gran,Holgan,gholganah@smh.com.au,Male,26/11/1993
Bartholomeo,Barti,bbartid4@google.com.br,Male,27/04/1987
Jammal,Woolis,jwoolis81@mayoclinic.com,Male,25/12/1994
Blakelee,Marrion,bmarrion8w@storify.com,Female,15/01/1989
Morgan,Riggulsford,mriggulsford98@china.com.cn,Female,07/08/1985
Dickie,MacGiolla Pheadair,dmacgiollapheadair9k@ow.ly,Male,17/06/1988
Pippy,Dankersley,pdankersley71@soup.io,Female,06/01/1988
Dominica,Matzen,dmatzenc9@ihg.com,Female,02/12/1987
Angeline,McCallam,amccallam6p@a8.net,Female,29/03/1999
Wilmette,Okey,wokeybv@java.com,Female,26/09/1990
Guglielmo,Gniewosz,ggniewoszai@storify.com,Male,13/09/1997
Kyle,Tanswell,ktanswellc8@senate.gov,Female,22/01/1986
Sylvester,Ashforth,sashforthbg@cdc.gov,Male,01/07/1995
Brit,Dwelley,bdwelleybw@cbc.ca,Male,28/02/1993
Silvain,D'Souza,sdsouza26@clickbank.net,Male,05/01/1990
Walt,Mawhinney,wmawhinneyc9@netscape.com,Male,07/10/1994
Bethina,Trayling,btraylingb8@ucoz.com,Female,03/07/1987
Rea,Goutcher,rgoutcher68@sbwire.com,Female,26/05/1992
Lanni,Jesse,ljessebo@imageshack.us,Female,13/06/1999
Deane,Soitoux,dsoitoux9f@ucoz.com,Male,11/04/1993
Ruth,Moult,rmoult33@gov.uk,Female,15/10/1988
Biron,Breagan,bbreagan8s@csmonitor.com,Male,28/06/1996
Katuscha,Gilley,kgilley7q@qq.com,Female,18/06/1989
Viviene,Stairmond,vstairmond87@xinhuanet.com,Female,18/07/1992
Sherri,Hollier,shollier9w@photobucket.com,Female,01/11/1999
Fayth,Tunnock,ftunnockca@reference.com,Female,24/04/1990
Howie,Spiller,hspillercv@slideshare.net,Male,16/01/1986
Ned,Mount,nmount4h@alexa.com,Male,04/09/1999
Abel,Clearie,aclearie5b@1und1.de,Male,27/12/1985
Tades,Obin,tobin43@theatlantic.com,Male,25/02/1995
Pavel,Shorthouse,pshorthouse8j@jalbum.net,Male,12/08/1997
Nick,Karlsen,nkarlsen6j@nationalgeographic.com,Male,21/03/1987
Tabbie,Phillippo,tphillippoby@omniture.com,Male,03/11/1990
Bordy,McCrum,bmccrumcg@examiner.com,Male,17/06/1986
Aile,Midlane,amidlane54@chronoengine.com,Female,05/01/1995
Chlo,Teasell,cteasell2k@etsy.com,Female,27/05/1991
Raynard,Thewlis,rthewlis3e@reddit.com,Male,19/11/1999
Tana,Portsmouth,tportsmouth4p@ox.ac.uk,Female,30/10/1991
Charles,Bosch,cbosch8r@prweb.com,Male,16/09/1992
Yolane,Arblaster,yarblaster50@cbsnews.com,Female,22/05/1985
Berk,Strewthers,bstrewthersa7@com.com,Male,22/03/1997
Suzanna,Trevenu,strevenu2q@posterous.com,Female,27/02/1991
Brodie,Daventry,bdaventry6i@chicagotribune.com,Male,26/09/1997
Lorry,Heelis,lheelis3f@nba.com,Female,22/02/1992
Van,Spradbrow,vspradbroway@apache.org,Male,08/10/1985
Ermin,Pitcaithley,epitcaithley9p@merriam-webster.com,Male,02/04/1995
Marwin,Rottery,mrottery8i@ifeng.com,Male,06/05/1992
Billie,Langstaff,blangstaff5x@blogtalkradio.com,Female,17/11/1992
Kayle,Duignan,kduignan4m@un.org,Female,03/04/1991
Leontine,MacFarlane,lmacfarlane1m@sbwire.com,Female,11/10/1990
Arturo,Dennes,adennesdr@tinypic.com,Male,30/05/1990
Waylan,Poplee,wpoplee78@so-net.ne.jp,Male,25/03/1994
Aggy,Mayman,amayman17@last.fm,Female,24/03/1992
Caroline,Chate,cchate3w@google.fr,Female,24/03/1985
Verna,Corkell,vcorkell9k@geocities.com,Female,03/10/1993
Boycie,Hedingham,bhedingham76@google.co.jp,Male,04/06/1987
Simone,Brason,sbrason3f@statcounter.com,Male,25/09/1988
Anet,Anderbrugge,aanderbruggebi@yahoo.com,Female,17/01/1986
Osbert,Kissick,okissickcz@auda.org.au,Male,09/08/1996
Inness,Vellden,ivellden5f@photobucket.com,Male,08/10/1986
Ernest,Beagan,ebeaganp@bandcamp.com,Male,23/08/1996
Celine,Coakley,ccoakley3i@usgs.gov,Female,15/08/1988
Derrik,Beals,dbeals6f@cnet.com,Male,04/03/1986
Rees,Conroy,rconroy1z@list-manage.com,Male,14/01/1987
Hyacinthia,Tolerton,htolerton26@pcworld.com,Female,05/10/1989
Corabel,Utteridge,cutteridge59@businessinsider.com,Female,19/02/1989
Elwin,Measey,emeasey3y@skype.com,Male,28/04/1989
Jenelle,Braidman,jbraidman2y@epa.gov,Female,24/04/1985
Pierrette,Klarzynski,pklarzynskih@psu.edu,Female,30/09/1992
Manon,Gallafant,mgallafantce@mlb.com,Female,26/12/1987
Tricia,Baldree,tbaldreebb@infoseek.co.jp,Female,22/06/1988
Zelig,Julyan,zjulyandn@reddit.com,Male,14/04/1992
Danila,Yielding,dyielding2a@auda.org.au,Female,05/09/1997
Ashien,Poulett,apoulett1i@w3.org,Female,28/07/1992
May,Dawltrey,mdawltrey6w@japanpost.jp,Female,25/02/1988
Honoria,Laidler,hlaidlerav@tinypic.com,Female,17/07/1985
Florina,Mepham,fmepham90@ted.com,Female,31/03/1986
Thaddus,Gilbody,tgilbody96@deliciousdays.com,Male,27/06/1992
Jodi,Wallbridge,jwallbridge6q@reference.com,Male,28/08/1994
Glen,Lillywhite,glillywhitea4@prnewswire.com,Male,10/07/1992
Nevil,Sprowell,nsprowell94@google.de,Male,17/04/1996
Maryanne,Skupinski,mskupinski65@tumblr.com,Female,16/04/1996
Madalena,Bosche,mbosched8@japanpost.jp,Female,06/07/1985
Ripley,Larrett,rlarrett51@ask.com,Male,21/09/1993
Gabriela,Gordon-Giles,ggordongiles7h@bbb.org,Female,20/12/1996
Isaak,Brobak,ibrobak48@unesco.org,Male,05/01/1996
Quentin,Corbert,qcorbert7o@usgs.gov,Male,21/12/1987
Sherri,Tunnah,stunnahbz@cyberchimps.com,Female,25/06/1997
Mycah,Feltoe,mfeltoe88@tumblr.com,Male,19/01/1992
Efren,Morris,emorris8g@amazon.com,Male,26/03/1992
Jorrie,Kobke,jkobke14@howstuffworks.com,Female,20/04/1999
Wade,Comsty,wcomsty5q@shop-pro.jp,Male,19/11/1999
Al,Quernel,aquernelc7@delicious.com,Male,28/09/1987
Caresa,Mugridge,cmugridge6t@narod.ru,Female,20/10/1988
Conrado,Kenset,ckenset8h@themeforest.net,Male,11/08/1991
Morly,Sainter,msainterb7@thetimes.co.uk,Male,13/06/1988
Fred,Andreaccio,fandreaccio3w@admin.ch,Male,11/03/1993
Etienne,Ferraron,eferraron6t@tripod.com,Male,19/09/1993
Luella,Oldham,loldhamal@posterous.com,Female,16/04/1988
Morena,McKew,mmckew9w@de.vu,Female,24/03/1988
Steve,Zelland,szelland8z@netvibes.com,Male,07/05/1995
Josiah,Portigall,jportigallcq@apache.org,Male,10/09/1994
Corbin,Bootell,cbootellbo@netlog.com,Male,21/09/1992
Geoffry,Coolbear,gcoolbearc1@opensource.org,Male,08/12/1993
Marsha,Sandever,msandever8p@cargocollective.com,Female,15/08/1988
Melina,Boulds,mboulds1f@toplist.cz,Female,14/04/1991
Herve,Stacey,hstaceycc@psu.edu,Male,07/01/1989
Albina,Pow,apow6v@cdbaby.com,Female,20/09/1986
Mel,Schruur,mschruur1t@pen.io,Male,30/11/1992
Francine,Muckley,fmuckley8k@imgur.com,Female,06/06/1996
Adler,Ryce,aryce68@uol.com.br,Male,11/05/1991
Hayes,Banks,hbanks1h@slideshare.net,Male,03/04/1990
Bryn,Hulland,bhullandbp@dagondesign.com,Male,21/01/1996
Danella,Goldbourn,dgoldbournde@go.com,Female,18/09/1995
Will,Crane,wcrane35@discovery.com,Male,04/10/1995
Dukey,Kenwell,dkenwelldc@thetimes.co.uk,Male,01/12/1991
Junette,Gilkison,jgilkison85@usda.gov,Female,24/04/1996
Kittie,Northeast,knortheast66@yahoo.co.jp,Female,23/09/1994
Chastity,Colhoun,ccolhoundf@sphinn.com,Female,13/02/1987
Beatrisa,Sacaze,bsacazecd@zdnet.com,Female,08/07/1991
Pooh,Ibberson,pibberson6i@msu.edu,Male,09/10/1987
Alistair,Kender,akendere@accuweather.com,Male,07/12/1994
Justine,McKnish,jmcknish2@cnn.com,Female,07/01/1998
Shadow,Redding,sreddingdg@baidu.com,Male,07/08/1987
Ardine,Lisamore,alisamore2w@si.edu,Female,02/11/1993
Thomasine,Armatage,tarmatage84@jiathis.com,Female,04/07/1991
Markos,Klampk,mklampkcw@ovh.net,Male,13/11/1992
Elysee,Jeacop,ejeacopc4@mail.ru,Female,17/12/1989
Audre,Denisard,adenisardaq@theglobeandmail.com,Female,06/12/1998
Karrah,Melross,kmelross13@reuters.com,Female,14/08/1985
Lauree,Farmer,lfarmerb@foxnews.com,Female,10/07/1987
Anne-marie,Mowsley,amowsley15@histats.com,Female,14/04/1998
Gwenore,Whitehorne,gwhitehorne8l@admin.ch,Female,28/06/1997
Marylou,Enever,meneverbl@reddit.com,Female,31/01/1987
Lurette,Basnett,lbasnetto@about.com,Female,01/07/1992
Thoma,Dillingstone,tdillingstone3t@xrea.com,Male,17/07/1991
Ilaire,Mustin,imustin25@constantcontact.com,Male,22/08/1988
Maggi,Davidde,mdavidde69@google.com,Female,07/09/1994
Lani,Rentoll,lrentoll5u@alexa.com,Female,21/11/1996
Isabelita,Knox,iknox82@usnews.com,Female,30/01/1988
Vanny,Pregal,vpregal73@indiegogo.com,Female,28/10/1989
Marlow,Sterricker,msterrickerz@flickr.com,Male,07/09/1994
Rodolphe,Latus,rlatus4z@nasa.gov,Male,14/05/1989
Vincents,Camus,vcamus7p@feedburner.com,Male,26/10/1998
Randie,Cloke,rclokecu@ucsd.edu,Male,05/10/1994
Chrotoem,Eytel,ceytel92@goo.gl,Male,20/01/1987
Christel,Thyer,cthyerch@ted.com,Female,08/05/1995
Marlie,Lowis,mlowis1i@discovery.com,Female,29/01/1996
Conrade,Raffles,crafflesh@sogou.com,Male,09/10/1994
Karie,Dahlberg,kdahlberg5t@chron.com,Female,09/06/1995
Ivory,Pendergrast,ipendergrast93@canalblog.com,Female,06/10/1996
Aryn,Kochel,akochel21@twitter.com,Female,15/03/1988
Porter,Everly,peverly7x@posterous.com,Male,29/08/1991
Coletta,Radish,cradish1d@apple.com,Female,01/06/1996
Lydie,Stollman,lstollmandn@geocities.jp,Female,04/04/1998
Blinny,Dumphy,bdumphy3g@pcworld.com,Female,30/09/1992
Reinaldos,Rainville,rrainvilledh@psu.edu,Male,17/02/1993
Skip,Josling,sjosling7a@cbc.ca,Male,30/10/1994
Cullan,Prodrick,cprodrick7l@guardian.co.uk,Male,27/08/1988
Tara,Monkhouse,tmonkhouse1q@cisco.com,Female,30/12/1999
Lukas,Shirrell,lshirrell7v@merriam-webster.com,Male,19/03/1992
Granny,Melby,gmelby9x@wix.com,Male,23/03/1993
Brigg,Iles,bilesb7@phoca.cz,Male,11/02/1995
Dorri,De Roberto,dderobertoa9@storify.com,Female,20/11/1991
Ollie,O'Carran,oocarran9o@wix.com,Male,09/11/1999
Sean,Warbey,swarbey55@amazon.de,Female,14/12/1994
Rae,Machans,rmachansb5@mashable.com,Female,29/06/1996
Halsey,Yurocjhin,hyurocjhincu@hc360.com,Male,28/05/1994
Barrie,Ayris,bayris9q@marriott.com,Male,07/08/1987
Gayelord,Roark,groark8u@cdc.gov,Male,26/12/1994
Ninnetta,Sharrard,nsharrard6c@squidoo.com,Female,05/03/1995
Kelila,Bearsmore,kbearsmore2g@un.org,Female,10/10/1994
Annissa,Schulze,aschulze4t@wsj.com,Female,20/02/1994
Christian,Platt,cplatt2a@patch.com,Female,04/10/1987
Renee,Hounsham,rhounsham19@berkeley.edu,Female,16/10/1999
Cordell,Pennini,cpenninit@samsung.com,Male,07/09/1996
Bathsheba,Cervantes,bcervantes5w@spiegel.de,Female,29/01/1995
Even,Ehrat,eehratb6@jugem.jp,Male,01/08/1995
Belle,Featherstonhaugh,bfeatherstonhaugh53@theguardian.com,Female,29/10/1996
Micheil,Pointing,mpointing4n@washington.edu,Male,01/10/1986
Ingmar,Kleinbaum,ikleinbaum5s@boston.com,Male,27/04/1994
Colet,McCaughen,cmccaughencb@goo.ne.jp,Male,03/04/1997
Dell,Billion,dbillion0@icq.com,Male,08/04/1994
Hyatt,Dumper,hdumper44@chronoengine.com,Male,15/05/1997
Zabrina,Larrington,zlarrington4u@va.gov,Female,30/08/1990
Ddene,Rackley,drackleydv@oakley.com,Female,25/12/1986
Sashenka,Kerner,skerner65@reference.com,Female,08/07/1998
Karyn,Paulig,kpaulig8j@quantcast.com,Female,24/03/1994
Abby,Pottinger,apottinger2l@liveinternet.ru,Male,30/10/1991
Carla,Cortese,ccortese2s@booking.com,Female,15/06/1991
Nedi,Golding,ngoldingn@independent.co.uk,Female,15/02/1994
Bertine,Wingrove,bwingrovedp@blogspot.com,Female,09/02/1988
Kathye,Mulleary,kmulleary46@accuweather.com,Female,26/01/1988
Gray,Gresty,ggresty7@de.vu,Male,06/07/1989
Ogdon,Cran,ocran92@blogger.com,Male,28/03/1993
Tallulah,Innerstone,tinnerstone5@baidu.com,Female,01/03/1995
Jolyn,Diddams,jdiddamsdg@utexas.edu,Female,04/12/1986
Heall,Sterricks,hsterricks31@1und1.de,Male,20/10/1995
Evvie,Hutt,ehuttd7@indiegogo.com,Female,02/08/1985
Kelci,Greste,kgreste3j@springer.com,Female,04/03/1997
Elvera,Renahan,erenahan8n@patch.com,Female,31/07/1986
Timmie,Demougeot,tdemougeot8i@vk.com,Female,11/01/1991
Dix,Godfroy,dgodfroyau@blogger.com,Female,13/02/1986
Robena,Bru,rbrudt@mtv.com,Female,26/03/1995
Charita,Cram,ccram34@themeforest.net,Female,18/06/1990
Evelyn,Gaskamp,egaskamp9u@businesswire.com,Male,16/06/1986
Angeline,De Beneditti,adebenedittibf@com.com,Female,11/11/1992
Marlin,Vogt,mvogtbd@51.la,Male,09/12/1992
Rubie,Mandrier,rmandrierch@cafepress.com,Female,13/02/1986
Brandy,Syrett,bsyrett6w@cocolog-nifty.com,Male,16/10/1992
Demott,Benian,dbenian7i@yellowpages.com,Male,04/09/1993
Amalie,Erett,aerett5v@newsvine.com,Female,19/12/1986
Tarrah,Schnitter,tschnitter8x@goo.gl,Female,07/05/1987
Gardener,Jenney,gjenneyc2@eepurl.com,Male,16/05/1999
Thedric,Trorey,ttroreybm@ucsd.edu,Male,22/09/1987
Tarah,Kerswell,tkerswell5r@si.edu,Female,12/03/1994
Christy,Dyke,cdyke61@chronoengine.com,Female,17/06/1993
Bronnie,Pethick,bpethick73@disqus.com,Male,10/09/1988
Toma,Burtwell,tburtwellcf@nps.gov,Female,06/06/1994
Sander,Toogood,stoogood17@moonfruit.com,Male,28/07/1989
Ashlee,Limpkin,alimpkin61@narod.ru,Female,23/04/1988
Tremayne,Verdie,tverdie2m@indiatimes.com,Male,17/05/1988
Ferguson,Bridson,fbridsonbc@state.tx.us,Male,09/07/1990
Annice,Heers,aheers6n@amazon.com,Female,05/05/1996
Salomone,Mumbeson,smumbeson8q@meetup.com,Male,11/01/1996
Farrand,Baggiani,fbaggiani8k@google.nl,Female,17/01/1999
Chandal,Orgen,corgen8c@etsy.com,Female,02/03/1987
Myriam,Agglione,magglione9f@friendfeed.com,Female,22/06/1996
Melany,Copins,mcopinscq@booking.com,Female,01/09/1993
Katerina,Giovannilli,kgiovannilli8y@noaa.gov,Female,27/02/1989
Bridgette,Hodgin,bhodginds@vkontakte.ru,Female,30/04/1993
Merralee,Brisard,mbrisard7j@disqus.com,Female,30/10/1989
Anna,Lindsey,alindsey4m@nps.gov,Female,25/11/1996
Cathe,Croke,ccroke5q@indiegogo.com,Female,21/12/1999
Alden,Shedd,asheddd6@chron.com,Male,02/02/1994
Red,Sate,rsatebn@opensource.org,Male,25/10/1995
Dyann,Dicte,ddicte37@privacy.gov.au,Female,29/04/1996
Patricia,Wickliffe,pwickliffe83@cdbaby.com,Female,14/07/1991
Margarita,Scohier,mscohier5@canalblog.com,Female,12/12/1999
Hildegarde,Guisler,hguislerd1@topsy.com,Female,09/09/1999
Arlene,Folshom,afolshom26@marketwatch.com,Female,16/04/1996
Mahmoud,Poulsom,mpoulsom88@ezinearticles.com,Male,23/04/1993
Roi,Maplesden,rmaplesden8b@foxnews.com,Male,03/03/1991
Lind,Somerled,lsomerled54@ucsd.edu,Male,07/12/1985
Doroteya,Everly,deverly92@ft.com,Female,10/09/1987
Natala,Di Carlo,ndicarlo3m@telegraph.co.uk,Female,16/01/1990
Marrilee,Denekamp,mdenekamp95@wikispaces.com,Female,22/03/1988
Gui,Stendell,gstendell3y@state.gov,Female,06/04/1995
Iggy,Guillem,iguillem2u@dedecms.com,Male,30/06/1987
Humberto,Stowers,hstowersdi@spiegel.de,Male,16/08/1989
Bertine,Calvey,bcalvey27@dyndns.org,Female,28/07/1997
Antony,Giacomo,agiacomodk@smugmug.com,Male,21/01/1995
Odele,Dalley,odalleydo@istockphoto.com,Female,17/10/1995
Mano,Jonuzi,mjonuzi44@about.com,Male,27/10/1989
Harvey,Elis,heliscr@dion.ne.jp,Male,02/10/1993
Derril,Tybalt,dtybaltaw@ocn.ne.jp,Male,15/02/1995
Lisa,Jankovsky,ljankovsky7k@ezinearticles.com,Female,04/08/1997
Marcus,Ambrosi,mambrosi5y@theglobeandmail.com,Male,10/08/1985
Joelynn,Dawbury,jdawbury5d@epa.gov,Female,11/04/1998
Roseline,Padkin,rpadkin6s@acquirethisname.com,Female,12/08/1999
Ettie,Roscamps,eroscamps8a@cocolog-nifty.com,Female,27/05/1995
Raddy,Kelley,rkelleybf@google.co.uk,Male,04/05/1992
Alie,McTavy,amctavybn@state.gov,Female,01/01/1989
Lion,Rodda,lroddaaw@utexas.edu,Male,22/06/1994
Cyrille,Merrien,cmerrienk@amazon.com,Male,18/08/1987
Francklin,Karslake,fkarslake3m@tinypic.com,Male,29/06/1998
Francklin,Kerwin,fkerwin61@latimes.com,Male,13/03/1986
Sunny,Sunman,ssunman4a@whitehouse.gov,Male,30/05/1989
Lorelei,MacLese,lmaclese6h@ustream.tv,Female,10/06/1996
Halette,Fairbairn,hfairbairno@zimbio.com,Female,24/01/1993
Persis,Dorricott,pdorricott55@netvibes.com,Female,31/03/1988
Zola,Meas,zmeas3r@pen.io,Female,25/02/1993
Honey,McCosker,hmccosker1t@netlog.com,Female,04/06/1986
Cedric,Ellson,cellson35@google.it,Male,13/09/1988
Constance,Buckenham,cbuckenham1q@typepad.com,Female,16/08/1985
Lizzy,Colenutt,lcolenuttb1@e-recht24.de,Female,02/12/1985
Pearce,Greendale,pgreendalec2@cbsnews.com,Male,02/11/1994
Ofella,Binder,obinderbx@ihg.com,Female,03/07/1985
Valentine,Fairweather,vfairweather3z@theglobeandmail.com,Male,15/04/1993
Laurette,Cockayme,lcockaymea3@histats.com,Female,29/04/1991
Suellen,Simonitto,ssimonitto38@google.com,Female,11/06/1990
Berke,Yegorkin,byegorkinp@whitehouse.gov,Male,19/03/1991
Ced,Alelsandrowicz,calelsandrowicz4c@jigsy.com,Male,11/03/1989
Alasdair,De Bruyne,adebruyne8s@nifty.com,Male,27/10/1997
Nichole,Neary,nneary2n@bloglines.com,Female,24/11/1990
Laureen,Konke,lkonke3k@jalbum.net,Female,31/08/1988
Bogey,Frizzell,bfrizzell24@free.fr,Male,15/02/1990
Lammond,Matej,lmatejv@slideshare.net,Male,10/02/1994
Bel,Deex,bdeexbl@columbia.edu,Female,11/08/1989
Dyanna,Gateley,dgateley66@economist.com,Female,24/11/1989
Juliet,Cawley,jcawley3l@ucoz.com,Female,04/08/1991
Jacklyn,Uwins,juwinscm@state.gov,Female,24/02/1990
Will,Oliphard,woliphard9m@aboutads.info,Male,31/08/1995
Bryana,Tapner,btapnerdf@reuters.com,Female,03/01/1997
Bennie,Pocklington,bpocklingtondu@nydailynews.com,Male,02/01/1996
Elmo,Ealles,eeallesbt@unicef.org,Male,04/12/1988
Midge,Ramalho,mramalhoaf@last.fm,Female,02/07/1997
Dukie,Blackney,dblackney78@biglobe.ne.jp,Male,19/03/1993
Yoshiko,Woolmore,ywoolmore2z@state.gov,Female,30/10/1985
Hadrian,McClelland,hmcclelland7@purevolume.com,Male,08/03/1994
Eward,Stathers,estathers1u@marriott.com,Male,14/05/1996
Valentina,Lowles,vlowlesdb@tinyurl.com,Female,12/09/1994
Ossie,Challicum,ochallicuma8@cocolog-nifty.com,Male,29/09/1998
Elsinore,Fearnall,efearnall99@mit.edu,Female,11/10/1992
Franciskus,Jonczyk,fjonczykl@imdb.com,Male,17/09/1996
Libbi,Fossick,lfossick9b@ftc.gov,Female,21/12/1996
Lian,Franzonello,lfranzonellog@trellian.com,Female,17/01/1999
Aguistin,Ferreli,aferreli2t@virginia.edu,Male,09/02/1995
Myca,Hedau,mhedauac@cocolog-nifty.com,Male,24/09/1998
Christel,Smedmore,csmedmore4o@cnn.com,Female,30/06/1993
Pegeen,Jesteco,pjesteco6v@de.vu,Female,22/04/1994
Ross,Cozzi,rcozzi6b@mashable.com,Male,18/01/1990
Sheeree,Klousner,sklousner5l@blogtalkradio.com,Female,22/12/1991
Aleece,Baldi,abaldi7n@unicef.org,Female,03/02/1987
Raimundo,Cranage,rcranagec1@simplemachines.org,Male,28/12/1996
Thelma,Boriston,tboriston2c@bravesites.com,Female,21/08/1991
Lavinia,Buckles,lbuckles9m@elpais.com,Female,07/11/1993
Alvan,Falconer,afalconerd1@sohu.com,Male,11/04/1999
Markos,Jennery,mjennery9z@seattletimes.com,Male,03/08/1991
Sophi,Dentith,sdentith8y@gravatar.com,Female,07/10/1998
Glenden,Zecchinelli,gzecchinellic5@linkedin.com,Male,15/08/1991
Nerta,Prest,nprest2g@europa.eu,Female,24/02/1987
Roberta,Barnewell,rbarnewell1r@usgs.gov,Female,30/05/1997
Erek,Biermatowicz,ebiermatowiczm@guardian.co.uk,Male,30/04/1994
Ethel,Breakspear,ebreakspearck@uol.com.br,Female,10/03/1990
Yanaton,Hanford,yhanfordcj@bbb.org,Male,13/09/1998
Fulvia,Fossord,ffossordax@ibm.com,Female,02/01/1991
Ezechiel,Chaudrelle,echaudrelle7n@addtoany.com,Male,13/06/1990
Cleopatra,Coarser,ccoarser1v@noaa.gov,Female,03/06/1988
Alvie,Bantick,abantick6u@walmart.com,Male,03/12/1988
Northrop,Batman,nbatman60@ocn.ne.jp,Male,06/02/1991
Nichole,Newis,nnewis45@rakuten.co.jp,Male,18/09/1992
Kellie,Antoniutti,kantoniuttiar@telegraph.co.uk,Female,03/12/1993
Celka,Cloute,ccloutecy@vk.com,Female,11/11/1989
Krysta,Hucquart,khucquart9g@amazonaws.com,Female,02/07/1991
Orella,Jane,ojane6o@twitter.com,Female,07/01/1991
Aurelie,Yosifov,ayosifovdb@edublogs.org,Female,12/06/1995
Fraze,Ovendon,fovendon2v@google.ru,Male,18/12/1994
Deeyn,Lyttle,dlyttle1w@creativecommons.org,Female,08/12/1988
Doti,Stonnell,dstonnell4n@bigcartel.com,Female,19/09/1994
Ester,Petchey,epetcheyat@mashable.com,Female,07/08/1987
Kameko,Zimmermeister,kzimmermeister9l@ftc.gov,Female,13/01/1986
Garret,Brims,gbrims6a@google.cn,Male,30/01/1999
Chery,Capper,ccapper6@marriott.com,Female,12/10/1999
Nina,Edmondson,nedmondson1y@cisco.com,Female,05/10/1990
Ellis,Toohey,etoohey7l@comsenz.com,Male,25/08/1989
Norby,Coulton,ncoulton2v@bing.com,Male,14/09/1996
Edgardo,Caine,ecaine5c@furl.net,Male,02/12/1994
Deena,Pocknell,dpocknellbt@hibu.com,Female,12/03/1987
Nikolos,Finnimore,nfinnimore40@tiny.cc,Male,31/05/1996
Carter,Cossar,ccossara4@naver.com,Male,07/04/1993
Keslie,Welsby,kwelsbydq@jigsy.com,Female,23/04/1991
Collen,Richmont,crichmontdd@wsj.com,Female,03/04/1986
Weider,Thorneywork,wthorneywork6s@free.fr,Male,16/03/1996
Tabbie,Haskell,thaskell91@mashable.com,Female,25/07/1998
Hollis,Tumilson,htumilson8g@desdev.cn,Male,10/01/1988
Micheal,Bartol,mbartol3q@comcast.net,Male,06/01/1990
Emilio,Stapleford,estapleford5x@wix.com,Male,03/06/1987
Guthry,Gelderd,ggelderd67@pcworld.com,Male,15/04/1999
Ralf,Aberdalgy,raberdalgybe@wikispaces.com,Male,28/01/1997
Corby,Soggee,csoggee1x@bravesites.com,Male,12/12/1994
Rozanne,Fulep,rfulep5z@so-net.ne.jp,Female,07/10/1996
Gilbert,Kingston,gkingston70@hhs.gov,Male,14/11/1987
Louella,Beincken,lbeincken5y@blog.com,Female,26/04/1990
Deidre,Rabbitts,drabbittse@who.int,Female,27/12/1995
Annabel,Adan,aadan4f@plala.or.jp,Female,20/04/1995
Rochester,Aleveque,ralevequeaz@ftc.gov,Male,08/04/1996
Tadd,Brennen,tbrennen5r@cocolog-nifty.com,Male,12/04/1997
Patty,Hewins,phewinsa@wordpress.com,Male,24/03/1989
Kare,Maytom,kmaytomdp@tinypic.com,Female,19/03/1997
Trix,Biset,tbiset99@issuu.com,Female,11/04/1997
Annetta,Linwood,alinwood3h@fc2.com,Female,01/12/1999
Brice,Arnall,barnalldq@abc.net.au,Male,05/04/1986
Sydney,Upchurch,supchurch7d@ucoz.com,Female,10/01/1986
Niel,Clayden,nclaydencx@cbsnews.com,Male,12/02/1990
Cullin,Paige,cpaigebw@nymag.com,Male,18/02/1995
Elka,Phizakarley,ephizakarley2d@dyndns.org,Female,09/03/1998
Page,Cowland,pcowlandy@google.cn,Female,14/11/1996
Aldus,Collibear,acollibear8v@blog.com,Male,22/06/1995
Regan,McGonigle,rmcgoniglea9@umich.edu,Female,29/05/1985
Blinni,Wathall,bwathallb4@posterous.com,Female,21/06/1994
Kristien,Belsey,kbelseyb5@cafepress.com,Female,05/03/1996
Lion,Manby,lmanby1u@phpbb.com,Male,08/07/1987
Oralle,Kornyakov,okornyakov7v@infoseek.co.jp,Female,21/04/1985
Barny,Andres,bandres69@merriam-webster.com,Male,17/02/1989
Marti,Lundbech,mlundbech5s@businessinsider.com,Female,07/08/1986
Diarmid,Edgars,dedgars16@narod.ru,Male,17/08/1988
Thedric,Mungane,tmungane1l@columbia.edu,Male,08/10/1997
Fiorenze,Eustanch,feustanch44@earthlink.net,Female,04/02/1998
Gretal,Grass,ggrass31@tinyurl.com,Female,23/07/1991
Lammond,Bricksey,lbrickseybx@cpanel.net,Male,12/06/1998
Benjamin,Gercken,bgerckenaw@squidoo.com,Male,17/09/1991
Catrina,Gallety,cgalletycm@bloglines.com,Female,25/07/1992
Reinaldos,Orman,rorman27@geocities.jp,Male,25/08/1995
Dedie,Chatenet,dchatenet2b@dot.gov,Female,29/10/1988
Harvey,Grog,hgrog7a@google.com.au,Male,10/10/1998
Jamesy,Comi,jcomici@networksolutions.com,Male,14/10/1985
Ashien,Mitchinson,amitchinsonb2@flickr.com,Female,28/01/1986
Ashely,Wrighton,awrighton7m@slashdot.org,Female,19/04/1985
Harvey,Walewski,hwalewski59@infoseek.co.jp,Male,26/01/1991
Louie,Wardall,lwardall4c@ameblo.jp,Male,06/02/1998
Glenden,Dovydenas,gdovydenasd5@scientificamerican.com,Male,23/12/1998
Reinaldos,Blankau,rblankaur@dot.gov,Male,05/08/1998
Byron,Napoli,bnapoli39@army.mil,Male,29/05/1991
Nannette,Madeley,nmadeley87@geocities.jp,Female,04/11/1991
Antonetta,McLoney,amcloney71@over-blog.com,Female,07/05/1995
Shaw,Desvignes,sdesvignesaa@businesswire.com,Male,15/10/1996
Allsun,Seacombe,aseacombe8v@thetimes.co.uk,Female,09/03/1987
Flo,Blowen,fblowenbr@vk.com,Female,15/04/1996
Debby,Ondrusek,dondrusekct@skype.com,Female,01/12/1990
Helene,Wetheril,hwetherilbv@rakuten.co.jp,Female,24/10/1993
Brnaba,Banger,bbangerbb@ibm.com,Male,18/01/1987
Lucille,Pinxton,lpinxton8r@newyorker.com,Female,15/10/1989
Meg,Ryce,mryce24@sitemeter.com,Female,11/04/1990
Dyana,Tupman,dtupmandd@homestead.com,Female,09/01/1998
Grant,Adamides,gadamides4v@dailymotion.com,Male,22/08/1991
Paulie,Saxelby,psaxelby2j@dropbox.com,Male,07/11/1985
Marje,Kremer,mkremer25@nifty.com,Female,14/04/1991
Carly,Orhrt,corhrt4s@weather.com,Female,22/09/1991
Shanta,Verden,sverden6q@spotify.com,Female,19/05/1990
Ernesta,Schmuhl,eschmuhl59@themeforest.net,Female,21/04/1986
Ruggiero,Ragless,rragless7c@un.org,Male,22/01/1987
Kenon,Fraschetti,kfraschettidu@gov.uk,Male,08/12/1997
Hussein,Scaddon,hscaddon9q@state.tx.us,Male,30/10/1986
Dionysus,Ryman,dryman6l@issuu.com,Male,02/06/1992
Giff,Matei,gmatei4z@hubpages.com,Male,30/12/1993
Curr,Tivnan,ctivnana7@youku.com,Male,08/04/1993
Raven,Kamien,rkamien2r@nhs.uk,Female,15/12/1995
Gilberta,Hawes,ghawesda@telegraph.co.uk,Female,20/03/1986
Richard,Henryson,rhenryson6z@howstuffworks.com,Male,08/08/1993
Felic,Bonome,fbonome12@pbs.org,Male,27/10/1988
Matilde,Yeowell,myeowell36@intel.com,Female,14/02/1997
Anastassia,Burkitt,aburkitt30@illinois.edu,Female,11/10/1992
Marjorie,Jeffs,mjeffs2c@redcross.org,Female,31/12/1987
Kikelia,Golbourn,kgolbourn6y@weebly.com,Female,18/02/1999
Albrecht,Eschalette,aeschalette45@weibo.com,Male,15/11/1990
Emory,Dumper,edumperh@tinypic.com,Male,27/02/1997
Rafael,Bolam,rbolamch@xinhuanet.com,Male,25/12/1993
Drusy,Galiero,dgaliero32@amazon.co.uk,Female,15/09/1989
Jilli,Keach,jkeach60@tiny.cc,Female,24/10/1985
Kimball,Summerlee,ksummerlee1e@miibeian.gov.cn,Male,16/08/1987
Vale,Pickup,vpickupc8@springer.com,Female,14/03/1999
Abdel,Raubheim,araubheim9c@salon.com,Male,01/08/1986
Jehu,Francecione,jfrancecionece@foxnews.com,Male,26/10/1998
Faulkner,Mould,fmould84@soundcloud.com,Male,13/12/1991
Starla,Gann,sgannc@technorati.com,Female,10/03/1999
Lyn,Beeching,lbeeching94@microsoft.com,Female,25/06/1987
Harriette,Hultberg,hhultbergaa@opera.com,Female,28/06/1995
Diandra,Dunkley,ddunkleydo@gnu.org,Female,27/12/1987
Josi,Slyne,jslyne97@dell.com,Female,21/08/1997
Kelly,Eldin,keldinai@constantcontact.com,Female,17/02/1988
Leeann,McAnulty,lmcanultyck@shareasale.com,Female,10/12/1995
Dukie,Byart,dbyartay@ed.gov,Male,04/11/1999
Arvin,Riquet,ariquet72@biblegateway.com,Male,26/05/1988
Paolo,Sawtell,psawtell1a@jigsy.com,Male,24/05/1991
Darcy,Blandamore,dblandamorear@sun.com,Male,03/11/1995
Caleb,Brunelleschi,cbrunelleschiam@hatena.ne.jp,Male,19/05/1988
Darius,Yerbury,dyerburyb6@linkedin.com,Male,30/12/1992
Cecilius,Murfin,cmurfinc1@xrea.com,Male,15/09/1987
Fraze,Starkie,fstarkiea@elpais.com,Male,02/06/1990
Jakob,Clayborn,jclayborn4u@tmall.com,Male,17/03/1986
Orella,Raulstone,oraulstone3d@webmd.com,Female,05/09/1995
Rosina,Rives,rrives9s@google.it,Female,01/11/1986
Wayland,Peteri,wpeteric0@dedecms.com,Male,13/10/1999
Fredelia,Quiddinton,fquiddintonbs@simplemachines.org,Female,30/12/1994
Con,Grinnikov,cgrinnikov8m@macromedia.com,Male,23/01/1997
Krystle,Shill,kshill3g@intel.com,Female,21/07/1995
Pembroke,Raubheim,praubheim9g@cmu.edu,Male,07/08/1998
Jarrod,Stendell,jstendellb@google.co.jp,Male,30/01/1985
Barnett,MacColgan,bmaccolgano@list-manage.com,Male,14/09/1986
Fletcher,Remer,fremer1j@aol.com,Male,27/11/1995
Clarita,Louw,clouw4x@independent.co.uk,Female,17/09/1993
Coretta,Keetley,ckeetleya2@cam.ac.uk,Female,06/07/1992
Aliza,Woollcott,awoollcottbg@state.gov,Female,24/06/1988
Nedda,Odlin,nodlin19@census.gov,Female,19/03/1989
Kym,Habbergham,khabbergham62@google.fr,Female,17/03/1993
Amil,Kernoghan,akernoghan3a@rambler.ru,Female,30/05/1993
Alfie,Whaley,awhaleyar@tamu.edu,Male,09/09/1991
Emmett,Shimuk,eshimuk5y@microsoft.com,Male,19/04/1986
Graeme,Glazier,gglazierah@godaddy.com,Male,02/04/1997
Tandie,Savege,tsavegeb@netlog.com,Female,23/05/1997
Rodi,Bunstone,rbunstoneaf@arizona.edu,Female,30/11/1990
Van,Antusch,vantusch4d@amazon.com,Male,02/10/1998
Idalina,Regus,iregus2n@spiegel.de,Female,22/04/1995
Robyn,Castellino,rcastellino1u@4shared.com,Female,20/08/1999
Jabez,Dorbin,jdorbin4u@jiathis.com,Male,25/05/1998
Sherwin,Hutchings,shutchings3n@creativecommons.org,Male,11/10/1997
Forester,Deshon,fdeshon58@sourceforge.net,Male,20/06/1987
Art,Haggerwood,ahaggerwoodw@mozilla.com,Male,30/01/1995
Rickey,Sunley,rsunleycn@ihg.com,Male,17/11/1992
Ignacio,Ianinotti,iianinotticf@lulu.com,Male,08/09/1985
Debbi,Borrill,dborrill1p@comcast.net,Female,01/04/1990
Gareth,Spino,gspinobc@usda.gov,Male,01/12/1989
Hazlett,Sallery,hsallery25@baidu.com,Male,11/02/1992
Barnabas,Northen,bnorthen2w@sciencedaily.com,Male,13/04/1990
Glen,Beadles,gbeadles56@mozilla.org,Female,16/05/1995
Anselma,Crossthwaite,acrossthwaite1j@php.net,Female,25/03/1987
Laura,Geach,lgeach86@amazon.com,Female,17/01/1995
Emmanuel,Cinavas,ecinavas9e@github.io,Male,29/09/1994
Wakefield,Chattelaine,wchattelaine50@dion.ne.jp,Male,03/12/1990
Orv,Huffey,ohuffey3a@ask.com,Male,28/05/1989
Lorant,Peschet,lpeschetcn@freewebs.com,Male,23/08/1991
Connie,Hardcastle,chardcastleba@typepad.com,Male,26/07/1998
Leonidas,Webben,lwebben4d@constantcontact.com,Male,12/03/1996
Debi,Izacenko,dizacenko4a@wix.com,Female,02/12/1991
Maddalena,Orford,morford9@youtu.be,Female,16/06/1985
Elonore,Screase,escrease4v@time.com,Female,01/12/1994
Ariel,Lowery,alowery36@illinois.edu,Male,29/06/1988
Angie,Jirus,ajirusbe@mail.ru,Male,01/10/1988
Terese,Bolwell,tbolwell6w@guardian.co.uk,Female,15/11/1998
Dalila,Vanichev,dvanichev6h@smugmug.com,Female,18/10/1987
Caty,Dowry,cdowry6m@wordpress.com,Female,06/02/1988
Aime,O'Lahy,aolahyf@berkeley.edu,Female,26/01/1998
Teresita,Worner,tworner5n@dedecms.com,Female,04/12/1994
Ike,Godby,igodbyac@example.com,Male,22/05/1999
Archibold,Audsley,aaudsley9n@scientificamerican.com,Male,10/06/1990
Wilbert,Zambon,wzambon6k@mac.com,Male,08/06/1999
Travis,Daggett,tdaggettcj@businessinsider.com,Male,11/12/1995
Kendell,Gillatt,kgillatt79@moonfruit.com,Male,28/07/1995
Van,Sigward,vsigward5z@ameblo.jp,Female,23/09/1994
Annette,Le Count,alecount7u@webeden.co.uk,Female,18/05/1988
Garold,Sunshine,gsunshine2t@wix.com,Male,13/04/1991
Benedick,Franciotti,bfranciottia8@topsy.com,Male,29/10/1991
Miriam,Withull,mwithullbu@unicef.org,Female,16/05/1985
Mara,Souster,msouster4t@mozilla.com,Female,26/07/1986
Ursulina,Ragless,uraglessj@senate.gov,Female,01/09/1998
Dallas,Sunley,dsunleyai@cnet.com,Male,23/10/1997
Kristine,Mourton,kmourton29@usnews.com,Female,18/07/1992
Ancell,Dykas,adykascl@blogspot.com,Male,17/07/1988
Fenelia,Adan,fadandv@google.ru,Female,19/01/1988
Shermie,Le Marchant,slemarchant6o@ycombinator.com,Male,11/02/1992
Norene,O'Kuddyhy,nokuddyhycx@chronoengine.com,Female,19/03/1987
Lamont,MacGarrity,lmacgarrityc3@who.int,Male,28/08/1991
Christi,Hadny,chadnyd7@wordpress.org,Female,25/07/1995
Tierney,Greatbach,tgreatbach6z@mapquest.com,Female,18/01/1985
Haven,Birdall,hbirdallcz@nbcnews.com,Male,02/04/1991
Murielle,Burwell,mburwelld1@ehow.com,Female,10/12/1998
Sheffie,Lashmore,slashmore6d@timesonline.co.uk,Male,22/07/1995
Woodman,Aprahamian,waprahamian5g@scribd.com,Male,21/09/1996
Welbie,Hepher,whepherc6@jiathis.com,Male,11/06/1991
Paddy,Olland,polland42@unc.edu,Male,25/08/1985
Tristan,Tellesson,ttellesson11@blogger.com,Male,28/06/1991
Kerr,Brands,kbrandsap@artisteer.com,Male,12/05/1995
Olivier,Altamirano,oaltamirano3z@sourceforge.net,Male,01/04/1997
Dorthea,Lyndon,dlyndon8n@hostgator.com,Female,17/02/1999
Holli,Snibson,hsnibsoncy@cornell.edu,Female,22/06/1991
Bobby,Dysart,bdysart7b@nih.gov,Male,20/04/1986
Rhiamon,Rhubottom,rrhubottomb9@mozilla.org,Female,18/12/1985
Ahmed,Philott,aphilott3v@weibo.com,Male,18/11/1998
Lorrie,Bonanno,lbonannocq@deviantart.com,Male,06/03/1993
Aleen,Wise,awise9a@tinypic.com,Female,02/07/1986
Henka,Lantaff,hlantaffd7@unesco.org,Female,02/06/1998
Kennie,Beaumont,kbeaumont5d@com.com,Male,26/02/1986
Kerrie,Leavry,kleavry7c@istockphoto.com,Female,31/12/1994
Fernando,Hawkslee,fhawkslee9p@skyrock.com,Male,17/10/1991
Vito,Stanluck,vstanluckcw@123-reg.co.uk,Male,05/04/1985
Demetria,Spear,dspear4f@whitehouse.gov,Female,29/09/1997
Kristina,Rosellini,krosellini3u@home.pl,Female,03/06/1996
Aharon,Kepp,akepp2o@intel.com,Male,20/03/1985
Kesley,Dunton,kdunton9v@buzzfeed.com,Female,05/09/1987
